strategyId,category,symbol,roi_now,runningTime,leverage,roi_2025_10_01,roi_2026_09_30,date_2025_10_01,date_2026_09_30,gain_100_usdt
7439091,Spot Grid,NEARBTC,97.81,44780684,1,0.01260298393369,0.99982234383967,2025-10-01T00:00:00+00:00,2026-09-30T00:00:00+00:00,0.98721936
7485365,Spot Grid,MUBARAKUSDT,102.73,44289681,1,-0.06068231532297,0.75760582911203,2025-10-01T00:00:00+00:00,2026-09-30T00:00:00+00:00,0.81828814
8333367,Spot Grid,BANANAS31USDT,55.10,35024720,1,-0.24339022740565,0.57184451009888,2025-10-01T00:00:00+00:00,2026-09-30T00:00:00+00:00,0.81523474
8131268,Spot Grid,BANANAS31USDT,61.30,37236611,1,-0.173992990756,0.6323658058497,2025-10-01T00:00:00+00:00,2026-09-30T00:00:00+00:00,0.8063588
8131287,Spot Grid,BANANAS31USDT,61.07,37236398,1,-0.17584185339278,0.62945939612424,2025-10-01T00:00:00+00:00,2026-09-30T00:00:00+00:00,0.80530125
8245093,Spot Grid,BANANAS31USDT,52.79,36012491,1,-0.25616232356,0.54723786824,2025-10-01T00:00:00+00:00,2026-09-30T00:00:00+00:00,0.80340019
8222218,Spot Grid,BANANAS31USDT,50.87,36191580,1,-0.25635703848276,0.52806441475862,2025-10-01T00:00:00+00:00,2026-09-30T00:00:00+00:00,0.78442145
8248353,Spot Grid,BANANAS31USDT,49.51,35988071,1,-0.25834466006806,0.51451904374341,2025-10-01T00:00:00+00:00,2026-09-30T00:00:00+00:00,0.7728637
8432411,Spot Grid,CAKEUSDT,79.42,33727567,1,0.04194259168421,0.80211953363158,2025-10-01T00:00:00+00:00,2026-09-30T00:00:00+00:00,0.76017694
8121381,Spot Grid,BANANAS31USDT,51.20,37351748,1,-0.2024508004,0.52970435486667,2025-10-01T00:00:00+00:00,2026-09-30T00:00:00+00:00,0.73215516
8329832,Spot Grid,DCRUSDT,71.71,35065117,1,0.0143339665,0.70910648355,2025-10-01T00:00:00+00:00,2026-09-30T00:00:00+00:00,0.69477252
4823941,Spot Grid,CRVUSDT,103.77,72392759,1,0.42167077604696,1.03909348839259,2025-10-01T00:00:00+00:00,2026-09-30T00:00:00+00:00,0.61742271
5832979,Spot Grid,NEARUSDT,46.05,59364384,1,-0.13728903793333,0.47183580173333,2025-10-01T00:00:00+00:00,2026-09-30T00:00:00+00:00,0.60912484
7774210,Spot Grid,NEARUSDT,67.26,41018326,1,0.09808016993724,0.6975917948378,2025-10-01T00:00:00+00:00,2026-09-30T00:00:00+00:00,0.59951162
8318031,Spot Grid,BANANAS31USDT,31.51,35185955,1,-0.27267875464741,0.31567358185102,2025-10-01T00:00:00+00:00,2026-09-30T00:00:00+00:00,0.58835234
8291690,Spot Grid,BANANAS31USDT,38.92,35494557,1,-0.15440633411521,0.38909880646986,2025-10-01T00:00:00+00:00,2026-09-30T00:00:00+00:00,0.54350514
6840692,Spot Grid,NEARUSDT,18.67,52661260,1,-0.326809261,0.18800458575,2025-10-01T00:00:00+00:00,2026-09-30T00:00:00+00:00,0.51481385
6612051,Spot Grid,NEARUSDT,10.71,54597887,1,-0.42827220181818,0.07725056272727,2025-10-01T00:00:00+00:00,2026-09-30T00:00:00+00:00,0.50552276
6874039,Spot Grid,ETHFDUSD,53.03,52339197,1,0.02786564781968,0.52347484060748,2025-10-01T00:00:00+00:00,2026-09-30T00:00:00+00:00,0.49560919
4840102,Spot Grid,ADAETH,91.99,72132743,1,0.44745784968101,0.91406706801025,2025-10-01T00:00:00+00:00,2026-09-30T00:00:00+00:00,0.46660922
7258662,Spot Grid,LUNCUSDT,65.17,47129503,1,0.18883330094452,0.65299690992099,2025-10-01T00:00:00+00:00,2026-09-30T00:00:00+00:00,0.46416361
7676446,Spot Grid,ICPBTC,39.95,42451183,1,-0.04426667262784,0.41931776130398,2025-10-01T00:00:00+00:00,2026-09-30T00:00:00+00:00,0.46358443
6935745,Spot Grid,ETHFDUSD,64.82,51577197,1,0.18103537053151,0.63990327727123,2025-10-01T00:00:00+00:00,2026-09-30T00:00:00+00:00,0.45886791
5444628,Spot Grid,NEARUSDT,19.12,62762884,1,-0.2514408668,0.1961152528,2025-10-01T00:00:00+00:00,2026-09-30T00:00:00+00:00,0.44755612
5827294,Spot Grid,NEARUSDT,16.83,59404847,1,-0.26374231166667,0.16530868317333,2025-10-01T00:00:00+00:00,2026-09-30T00:00:00+00:00,0.42905099
6008982,Spot Grid,XRPUSDC,55.10,58558863,1,0.11237510327743,0.54082494337495,2025-10-01T00:00:00+00:00,2026-09-30T00:00:00+00:00,0.42844984
7874042,Spot Grid,TRXETH,20.94,39431995,1,-0.21615464056,0.21038656076,2025-10-01T00:00:00+00:00,2026-09-30T00:00:00+00:00,0.4265412
6463419,Spot Grid,NEARUSDT,3.27,56034994,1,-0.384851032,0.0280349462,2025-10-01T00:00:00+00:00,2026-09-30T00:00:00+00:00,0.41288598
6932779,Spot Grid,CAKEBTC,37.64,51599933,1,0.00561224701446,0.39596773274632,2025-10-01T00:00:00+00:00,2026-09-30T00:00:00+00:00,0.39035549
4518361,Spot Grid,NEARUSDT,27.32,75168194,1,-0.11415120800966,0.27084700128994,2025-10-01T00:00:00+00:00,2026-09-30T00:00:00+00:00,0.38499821
7160895,Spot Grid,UNIBTC,25.76,48628929,1,-0.12607897565867,0.25811186171939,2025-10-01T00:00:00+00:00,2026-09-30T00:00:00+00:00,0.38419084
7582144,Spot Grid,ENAUSDC,43.05,43399316,1,0.12313980890431,0.45618459709444,2025-10-01T00:00:00+00:00,2026-09-30T00:00:00+00:00,0.33304479
585113,Spot Grid,DOGEUSDT,168.94,130473977,1,1.3521566303285,1.68186290512536,2025-10-01T00:00:00+00:00,2026-09-30T00:00:00+00:00,0.32970627
5149778,Spot Grid,LTCUSDT,55.43,67254839,1,0.2037854979,0.5291882771,2025-10-01T00:00:00+00:00,2026-09-30T00:00:00+00:00,0.32540278
8303494,Spot Grid,CAKEBNB,8.56,35329445,1,-0.18793481489945,0.13024400487032,2025-10-01T00:00:00+00:00,2026-09-30T00:00:00+00:00,0.31817882
5478840,Spot Grid,UNIUSDT,64.62,62377597,1,0.32386296420058,0.63738677531941,2025-10-01T00:00:00+00:00,2026-09-30T00:00:00+00:00,0.31352381
7076468,Spot Grid,LTCUSDT,47.40,49842413,1,0.12496549185714,0.43401446169048,2025-10-01T00:00:00+00:00,2026-09-30T00:00:00+00:00,0.30904897
3775884,Spot Grid,NEARUSDT,12.63,80670303,1,-0.17653768485294,0.13032526734694,2025-10-01T00:00:00+00:00,2026-09-30T00:00:00+00:00,0.30686295
5981760,Spot Grid,XRPUSDT,43.96,58695672,1,0.12893727977011,0.4321138202069,2025-10-01T00:00:00+00:00,2026-09-30T00:00:00+00:00,0.30317654
6849960,Spot Grid,LTCUSDT,47.45,52576079,1,0.13697684353333,0.43778822353333,2025-10-01T00:00:00+00:00,2026-09-30T00:00:00+00:00,0.30081138
6052605,Spot Grid,CAKEBTC,0.72,58294077,1,-0.26070032730573,0.03957740199045,2025-10-01T00:00:00+00:00,2026-09-30T00:00:00+00:00,0.30027773
7077512,Spot Grid,LINKUSDC,58.14,49826665,1,0.29764282056166,0.59322912241392,2025-10-01T00:00:00+00:00,2026-09-30T00:00:00+00:00,0.2955863
5238521,Spot Grid,DOGEUSDT,35.98,65862506,1,0.06248575628604,0.35290286870519,2025-10-01T00:00:00+00:00,2026-09-30T00:00:00+00:00,0.29041711
6136599,Spot Grid,TRXBNB,20.73,57906208,1,-0.05731419212804,0.23081301879909,2025-10-01T00:00:00+00:00,2026-09-30T00:00:00+00:00,0.28812721
8505298,Spot Grid,PUMPUSDT,30.15,33073102,1,-0.05469974622667,0.22340412876667,2025-10-01T00:00:00+00:00,2026-09-30T00:00:00+00:00,0.27810387
6186641,Spot Grid,TRXBNB,9.35,57717554,1,-0.16142042362192,0.10825166695766,2025-10-01T00:00:00+00:00,2026-09-30T00:00:00+00:00,0.26967209
5260619,Spot Grid,DOGEUSDT,34.39,65452818,1,0.0678607297,0.3368871465,2025-10-01T00:00:00+00:00,2026-09-30T00:00:00+00:00,0.26902642
7077501,Spot Grid,LINKUSDC,54.03,49826814,1,0.2894097378125,0.552302097,2025-10-01T00:00:00+00:00,2026-09-30T00:00:00+00:00,0.26289236
7271702,Spot Grid,TRXBNB,18.22,46937182,1,-0.06445083548963,0.19388155171901,2025-10-01T00:00:00+00:00,2026-09-30T00:00:00+00:00,0.25833239
8518476,Spot Grid,UNIUSDT,9.86,32940651,1,-0.17436680931506,0.08052805099558,2025-10-01T00:00:00+00:00,2026-09-30T00:00:00+00:00,0.25489486
7639888,Spot Grid,LINKUSDC,37.81,42866790,1,0.13699980501471,0.38985948653529,2025-10-01T00:00:00+00:00,2026-09-30T00:00:00+00:00,0.25285968
4459914,Spot Grid,BNBETH,38.61,75745782,1,0.11014092092911,0.35997537116339,2025-10-01T00:00:00+00:00,2026-09-30T00:00:00+00:00,0.24983445
5270602,Spot Grid,DOGEUSDT,28.91,65255310,1,0.03768725668663,0.28450108003992,2025-10-01T00:00:00+00:00,2026-09-30T00:00:00+00:00,0.24681382
7162195,Spot Grid,TRXBTC,26.78,48609288,1,0.04078367820134,0.2737958441212,2025-10-01T00:00:00+00:00,2026-09-30T00:00:00+00:00,0.23301217
7318670,Spot Grid,DOGEUSDC,34.57,46296060,1,0.11469435208,0.34321136390667,2025-10-01T00:00:00+00:00,2026-09-30T00:00:00+00:00,0.22851701
5965116,Spot Grid,XRPUSDT,72.88,58762148,1,0.50108208928571,0.72303239530952,2025-10-01T00:00:00+00:00,2026-09-30T00:00:00+00:00,0.22195031
8286723,Spot Grid,PAXGBTC,33.24,35565844,1,0.12975497234243,0.35018247224835,2025-10-01T00:00:00+00:00,2026-09-30T00:00:00+00:00,0.2204275
5219692,Spot Grid,DOGEUSDT,29.40,66271706,1,0.0700831294,0.2890988314,2025-10-01T00:00:00+00:00,2026-09-30T00:00:00+00:00,0.2190157
7312222,Spot Grid,CAKEUSDT,35.52,46394535,1,0.17114265579333,0.37746864082,2025-10-01T00:00:00+00:00,2026-09-30T00:00:00+00:00,0.20632599
7264787,Spot Grid,TRXBNB,15.57,47051593,1,-0.048096664,0.15663431333333,2025-10-01T00:00:00+00:00,2026-09-30T00:00:00+00:00,0.20473098
7686413,Spot Grid,CAKEUSDT,25.73,42275900,1,0.07703186411446,0.27820919446386,2025-10-01T00:00:00+00:00,2026-09-30T00:00:00+00:00,0.20117733
8305825,Spot Grid,BNBETH,35.73,35285443,1,0.14935306090373,0.34441639489194,2025-10-01T00:00:00+00:00,2026-09-30T00:00:00+00:00,0.19506333
3799696,Spot Grid,BNBETH,32.66,80575287,1,0.10931427706667,0.30343535398333,2025-10-01T00:00:00+00:00,2026-09-30T00:00:00+00:00,0.19412108
8292107,Spot Grid,BNBETH,34.05,35486755,1,0.13385987895377,0.32752634124088,2025-10-01T00:00:00+00:00,2026-09-30T00:00:00+00:00,0.19366646
6848034,Spot Grid,XLMETH,14.12,52587447,1,-0.0393307967033,0.15354916964286,2025-10-01T00:00:00+00:00,2026-09-30T00:00:00+00:00,0.19287997
8451182,Spot Grid,UNIUSDT,5.99,33539885,1,-0.14536425901667,0.0409742661,2025-10-01T00:00:00+00:00,2026-09-30T00:00:00+00:00,0.18633853
8142442,Spot Grid,TRXBNB,5.69,37098038,1,-0.12123574011787,0.05889647144824,2025-10-01T00:00:00+00:00,2026-09-30T00:00:00+00:00,0.18013221
8592996,Spot Grid,UNIUSDC,18.68,31991471,1,-0.00215581058333,0.17721636351667,2025-10-01T00:00:00+00:00,2026-09-30T00:00:00+00:00,0.17937217
7257253,Spot Grid,UNIUSDT,50.16,47123009,1,0.331398006156,0.507421826037,2025-10-01T00:00:00+00:00,2026-09-30T00:00:00+00:00,0.17602382
3232675,Spot Grid,TRXBTC,42.04,82610293,1,0.245913196,0.4203354,2025-10-01T00:00:00+00:00,2026-09-30T00:00:00+00:00,0.1744222
8276862,Spot Grid,ORCAUSDT,16.37,35688789,1,-0.08594097633764,0.08589034017568,2025-10-01T00:00:00+00:00,2026-09-30T00:00:00+00:00,0.17183132
7148943,Spot Grid,BNBETH,7.93,48778006,1,-0.10766117355097,0.0637383461026,2025-10-01T00:00:00+00:00,2026-09-30T00:00:00+00:00,0.17139952
8335207,Spot Grid,ETHFDUSD,17.15,35006703,1,0.00030626035779,0.1669811726794,2025-10-01T00:00:00+00:00,2026-09-30T00:00:00+00:00,0.16667491
8443717,Spot Grid,UNIUSDC,0.87,33615575,1,-0.16480482898261,-0.00063414000435,2025-10-01T00:00:00+00:00,2026-09-30T00:00:00+00:00,0.16417069
7060129,Spot Grid,BNBETH,13.72,50051634,1,-0.03907268866375,0.12051358817087,2025-10-01T00:00:00+00:00,2026-09-30T00:00:00+00:00,0.15958628
8556536,Spot Grid,AAVEBTC,21.78,32521175,1,0.00697726314726,0.16544777913945,2025-10-01T00:00:00+00:00,2026-09-30T00:00:00+00:00,0.15847052
3870454,Spot Grid,RAYUSDT,127.82,80192110,1,1.06603822690217,1.2237575011413,2025-10-01T00:00:00+00:00,2026-09-30T00:00:00+00:00,0.15771927
8358874,Spot Grid,LINKETH,13.97,34727523,1,-0.00695170865957,0.15064563508487,2025-10-01T00:00:00+00:00,2026-09-30T00:00:00+00:00,0.15759734
8289983,Spot Grid,BNBETH,30.96,35515485,1,0.1417291454,0.297230246,2025-10-01T00:00:00+00:00,2026-09-30T00:00:00+00:00,0.1555011
6850973,Spot Grid,XLMETH,6.83,52567552,1,-0.07478386744505,0.07974863048077,2025-10-01T00:00:00+00:00,2026-09-30T00:00:00+00:00,0.1545325
5219213,Spot Grid,DOGEUSDT,21.12,66278812,1,0.0528497288,0.2061049683,2025-10-01T00:00:00+00:00,2026-09-30T00:00:00+00:00,0.15325524
6850990,Spot Grid,XLMETH,6.06,52567393,1,-0.07738981524725,0.07203577570055,2025-10-01T00:00:00+00:00,2026-09-30T00:00:00+00:00,0.14942559
7101291,Spot Grid,PAXGBTC,12.85,49463925,1,-0.01123020366089,0.1350439522158,2025-10-01T00:00:00+00:00,2026-09-30T00:00:00+00:00,0.14627416
4766044,Spot Grid,BNBBTC,13.42,73221842,1,-0.02171463290769,0.12189601253538,2025-10-01T00:00:00+00:00,2026-09-30T00:00:00+00:00,0.14361065
7749984,Spot Grid,UNIUSDT,12.68,41394568,1,-0.02142451803064,0.1180145479571,2025-10-01T00:00:00+00:00,2026-09-30T00:00:00+00:00,0.13943907
8541020,Spot Grid,PUMPUSDT,8.87,32703517,1,-0.10745168966019,0.03024862106796,2025-10-01T00:00:00+00:00,2026-09-30T00:00:00+00:00,0.13770031
7772770,Spot Grid,UNIUSDT,13.66,41036987,1,-0.00932931778024,0.12831907366528,2025-10-01T00:00:00+00:00,2026-09-30T00:00:00+00:00,0.13764839
7218099,Spot Grid,SOLUSDT,24.10,47768634,1,0.08168686692,0.21923070151,2025-10-01T00:00:00+00:00,2026-09-30T00:00:00+00:00,0.13754383
4790905,Spot Grid,BNBBTC,18.78,72910663,1,0.04803376932271,0.17934551341301,2025-10-01T00:00:00+00:00,2026-09-30T00:00:00+00:00,0.13131174
7487906,Spot Grid,LTCBTC,16.79,44267781,1,0.00998483379285,0.13807833422493,2025-10-01T00:00:00+00:00,2026-09-30T00:00:00+00:00,0.1280935
6352562,Spot Grid,AAVEETH,12.15,56862615,1,-0.04220617519577,0.08443953956587,2025-10-01T00:00:00+00:00,2026-09-30T00:00:00+00:00,0.12664571
6633901,Spot Grid,AAVEETH,10.09,54321418,1,-0.07660283887332,0.04974634906754,2025-10-01T00:00:00+00:00,2026-09-30T00:00:00+00:00,0.12634919
4325048,Spot Grid,BNBETH,20.40,77098898,1,0.0619169025,0.18823621125,2025-10-01T00:00:00+00:00,2026-09-30T00:00:00+00:00,0.12631931
3791560,Spot Grid,BNBBTC,21.47,80610562,1,0.08875604910564,0.20854576240297,2025-10-01T00:00:00+00:00,2026-09-30T00:00:00+00:00,0.11978971
5143778,Spot Grid,BNBBTC,17.48,67382438,1,0.05115850050488,0.16818337192864,2025-10-01T00:00:00+00:00,2026-09-30T00:00:00+00:00,0.11702487
4814435,Spot Grid,BNBBTC,17.33,72550143,1,0.0478625230701,0.16360554480923,2025-10-01T00:00:00+00:00,2026-09-30T00:00:00+00:00,0.11574302
7563139,Spot Grid,BNBETH,12.44,43599713,1,0.00039406,0.112267066,2025-10-01T00:00:00+00:00,2026-09-30T00:00:00+00:00,0.11187301
8525389,Spot Grid,BNBETH,16.74,32887943,1,0.05606352847682,0.16438221688742,2025-10-01T00:00:00+00:00,2026-09-30T00:00:00+00:00,0.10831869
6856035,Spot Grid,LTCETH,1.27,52528714,1,-0.13800679028713,-0.02998425135321,2025-10-01T00:00:00+00:00,2026-09-30T00:00:00+00:00,0.10802254
8368030,Spot Grid,LINKETH,6.73,34599991,1,-0.01847313272,0.08799846144,2025-10-01T00:00:00+00:00,2026-09-30T00:00:00+00:00,0.10647159
8554840,Spot Grid,BNBETH,12.11,32548876,1,0.01166511069959,0.11795618518519,2025-10-01T00:00:00+00:00,2026-09-30T00:00:00+00:00,0.10629107
8534784,Spot Grid,BNBETH,14.51,32774503,1,0.0365321322601,0.14206308238636,2025-10-01T00:00:00+00:00,2026-09-30T00:00:00+00:00,0.10553095
8527580,Spot Grid,BNBETH,15.04,32861358,1,0.04302266966667,0.14733923166667,2025-10-01T00:00:00+00:00,2026-09-30T00:00:00+00:00,0.10431656
7180054,Spot Grid,BNBETH,0.99,48325386,1,-0.11022348465328,-0.00608291714033,2025-10-01T00:00:00+00:00,2026-09-30T00:00:00+00:00,0.10414057
8564404,Spot Grid,BNBETH,10.86,32414002,1,0.00132079693388,0.10543462077694,2025-10-01T00:00:00+00:00,2026-09-30T00:00:00+00:00,0.10411382
7380512,Spot Grid,BNBETH,1.50,45546507,1,-0.10232598505174,0.00166400249138,2025-10-01T00:00:00+00:00,2026-09-30T00:00:00+00:00,0.10398999
8574392,Spot Grid,BNBETH,11.38,32272483,1,0.0070379116,0.110784592,2025-10-01T00:00:00+00:00,2026-09-30T00:00:00+00:00,0.10374668
4910439,Spot Grid,DOGEUSDT,85.50,70986394,1,0.74949655395349,0.85294573697674,2025-10-01T00:00:00+00:00,2026-09-30T00:00:00+00:00,0.10344918
8571092,Spot Grid,BNBETH,10.04,32317772,1,-0.0058830952,0.097360806,2025-10-01T00:00:00+00:00,2026-09-30T00:00:00+00:00,0.1032439
8541597,Spot Grid,BNBETH,11.56,32696647,1,0.0095852916,0.11254309,2025-10-01T00:00:00+00:00,2026-09-30T00:00:00+00:00,0.1029578
8543742,Spot Grid,BNBETH,11.89,32673989,1,0.01301358790549,0.11586885462555,2025-10-01T00:00:00+00:00,2026-09-30T00:00:00+00:00,0.10285527
8580026,Spot Grid,BNBETH,11.28,32197540,1,0.0072299354,0.10954397005,2025-10-01T00:00:00+00:00,2026-09-30T00:00:00+00:00,0.10231403
8575121,Spot Grid,BNBETH,10.63,32259912,1,0.0036904484,0.103441852,2025-10-01T00:00:00+00:00,2026-09-30T00:00:00+00:00,0.0997514
7000273,Spot Grid,BNBBTC,29.53,50764038,1,0.18926259629755,0.28894375016984,2025-10-01T00:00:00+00:00,2026-09-30T00:00:00+00:00,0.09968115
8532947,Spot Grid,PUMPUSDT,8.37,32801344,1,-0.079313026,0.0189542519,2025-10-01T00:00:00+00:00,2026-09-30T00:00:00+00:00,0.09826728
8543128,Spot Grid,BNBETH,11.18,32680984,1,0.01095979192308,0.10896285192308,2025-10-01T00:00:00+00:00,2026-09-30T00:00:00+00:00,0.09800306
3798567,Spot Grid,BNBUSDT,34.28,80580552,1,0.238890313625,0.336522089725,2025-10-01T00:00:00+00:00,2026-09-30T00:00:00+00:00,0.09763178
8511417,Spot Grid,PUMPUSDT,13.67,33001274,1,-0.0286569908,0.06850874588571,2025-10-01T00:00:00+00:00,2026-09-30T00:00:00+00:00,0.09716574
3814441,Spot Grid,BTCFDUSD,51.27,80504110,1,0.40857318899978,0.50447304555215,2025-10-01T00:00:00+00:00,2026-09-30T00:00:00+00:00,0.09589986
5418359,Spot Grid,BNBETH,18.11,63231071,1,0.08120377901886,0.1759450466053,2025-10-01T00:00:00+00:00,2026-09-30T00:00:00+00:00,0.09474127
8054276,Spot Grid,BNBETH,22.89,37956020,1,0.12164913003802,0.2161108365019,2025-10-01T00:00:00+00:00,2026-09-30T00:00:00+00:00,0.09446171
8554283,Spot Grid,BNBETH,12.78,32557557,1,0.01408086749117,0.10674854681979,2025-10-01T00:00:00+00:00,2026-09-30T00:00:00+00:00,0.09266768
6352785,Spot Grid,BNBETH,16.53,56861253,1,0.06348459203297,0.15592520518544,2025-10-01T00:00:00+00:00,2026-09-30T00:00:00+00:00,0.09244061
7905769,Spot Grid,LTCUSDT,29.00,38987910,1,0.14457263950331,0.23674302043046,2025-10-01T00:00:00+00:00,2026-09-30T00:00:00+00:00,0.09217038
6850852,Spot Grid,LINKETH,2.37,52568397,1,-0.05197930292623,0.03899120699959,2025-10-01T00:00:00+00:00,2026-09-30T00:00:00+00:00,0.09097051
8019262,Spot Grid,BNBBTC,32.08,38175634,1,0.22506896901786,0.31589204236429,2025-10-01T00:00:00+00:00,2026-09-30T00:00:00+00:00,0.09082307
7208730,Spot Grid,BTCFDUSD,17.62,47946038,1,0.0785080904615,0.1686556089713,2025-10-01T00:00:00+00:00,2026-09-30T00:00:00+00:00,0.09014752
7945781,Spot Grid,ETHUSDT,10.48,38684771,1,0.01058764495238,0.1006948989881,2025-10-01T00:00:00+00:00,2026-09-30T00:00:00+00:00,0.09010725
3194420,Spot Grid,LINKETH,14.62,82873893,1,0.07426473056,0.1631148858,2025-10-01T00:00:00+00:00,2026-09-30T00:00:00+00:00,0.08885016
8009093,Spot Grid,BNBBTC,29.94,38269296,1,0.206007023,0.29447034731429,2025-10-01T00:00:00+00:00,2026-09-30T00:00:00+00:00,0.08846332
6850859,Spot Grid,LINKETH,0.77,52568317,1,-0.06487681302377,0.02335948444841,2025-10-01T00:00:00+00:00,2026-09-30T00:00:00+00:00,0.0882363
7291407,Spot Grid,BTCUSDT,11.72,46662636,1,0.02585562344955,0.11401219070064,2025-10-01T00:00:00+00:00,2026-09-30T00:00:00+00:00,0.08815657
8291339,Spot Grid,BNBETH,14.70,35500092,1,0.0356336,0.12360313513514,2025-10-01T00:00:00+00:00,2026-09-30T00:00:00+00:00,0.08796954
7648272,Spot Grid,BNBETH,7.28,42773806,1,-0.027925025,0.05905969166667,2025-10-01T00:00:00+00:00,2026-09-30T00:00:00+00:00,0.08698472
6211662,Spot Grid,BNBUSDT,28.94,57609302,1,0.18819548639333,0.27477042925333,2025-10-01T00:00:00+00:00,2026-09-30T00:00:00+00:00,0.08657494
8205304,Spot Grid,LINKETH,6.84,36355222,1,-8.109758994e-05,0.08644651906026,2025-10-01T00:00:00+00:00,2026-09-30T00:00:00+00:00,0.08652762
7846822,Spot Grid,BNBBTC,32.32,39828746,1,0.23361286634651,0.31834378731024,2025-10-01T00:00:00+00:00,2026-09-30T00:00:00+00:00,0.08473092
8427561,Spot Grid,BNBBTC,13.80,33780303,1,0.05030203650187,0.1338460249423,2025-10-01T00:00:00+00:00,2026-09-30T00:00:00+00:00,0.08354399
8379338,Spot Grid,LINKETH,8.37,34421969,1,0.01019862773333,0.0934888884,2025-10-01T00:00:00+00:00,2026-09-30T00:00:00+00:00,0.08329026
5375475,Spot Grid,BNBBTC,8.59,63753308,1,-0.00086364997354,0.07903161722678,2025-10-01T00:00:00+00:00,2026-09-30T00:00:00+00:00,0.07989527
3803657,Spot Grid,BNBBTC,23.09,80554198,1,0.14717775414,0.22685402526,2025-10-01T00:00:00+00:00,2026-09-30T00:00:00+00:00,0.07967627
8492080,Spot Grid,ETHFDUSD,8.16,33211112,1,-0.00188625615934,0.07669809154396,2025-10-01T00:00:00+00:00,2026-09-30T00:00:00+00:00,0.07858435
7140461,Spot Grid,SOLUSDT,23.21,48903654,1,0.13410872710526,0.21261766144737,2025-10-01T00:00:00+00:00,2026-09-30T00:00:00+00:00,0.07850893
6850301,Spot Grid,LTCETH,4.22,52573212,1,-0.06738572283281,0.0109462416266,2025-10-01T00:00:00+00:00,2026-09-30T00:00:00+00:00,0.07833196
8177718,Spot Grid,USDTBRL,7.62,36606306,1,-0.00651500326,0.07114121808,2025-10-01T00:00:00+00:00,2026-09-30T00:00:00+00:00,0.07765622
8243259,Spot Grid,BNBFDUSD,10.11,36026254,1,0.01537099842,0.0929346702,2025-10-01T00:00:00+00:00,2026-09-30T00:00:00+00:00,0.07756367
3807329,Spot Grid,BNBUSDT,41.55,80540443,1,0.33425627454211,0.41155084801579,2025-10-01T00:00:00+00:00,2026-09-30T00:00:00+00:00,0.07729457
8248451,Spot Grid,BNBUSDC,9.88,35987437,1,0.011348982202,0.08811932805,2025-10-01T00:00:00+00:00,2026-09-30T00:00:00+00:00,0.07677035
4726431,Spot Grid,BNBETH,24.69,73585793,1,0.16800943945148,0.24345520126582,2025-10-01T00:00:00+00:00,2026-09-30T00:00:00+00:00,0.07544576
4571357,Spot Grid,BNBBTC,15.09,74757712,1,0.0674108182381,0.14145747371429,2025-10-01T00:00:00+00:00,2026-09-30T00:00:00+00:00,0.07404666
6850245,Spot Grid,LTCETH,0.14,52573782,1,-0.10610749141366,-0.03340024146174,2025-10-01T00:00:00+00:00,2026-09-30T00:00:00+00:00,0.07270725
7068569,Spot Grid,BTCUSDT,16.33,49943859,1,0.08243889158333,0.15408161571333,2025-10-01T00:00:00+00:00,2026-09-30T00:00:00+00:00,0.07164272
6850873,Spot Grid,LTCETH,2.70,52568186,1,-0.07630804293172,-0.00553683346614,2025-10-01T00:00:00+00:00,2026-09-30T00:00:00+00:00,0.07077121
8480412,Spot Grid,PUMPUSDT,8.49,33325857,1,-0.05142137799405,0.01791265855257,2025-10-01T00:00:00+00:00,2026-09-30T00:00:00+00:00,0.06933404
7139882,Spot Grid,SOLUSDT,22.49,48910820,1,0.13812467815385,0.20548828523077,2025-10-01T00:00:00+00:00,2026-09-30T00:00:00+00:00,0.06736361
8050341,Spot Grid,BNBETH,16.11,37986102,1,0.06623664824496,0.13317956684093,2025-10-01T00:00:00+00:00,2026-09-30T00:00:00+00:00,0.06694292
5698687,Spot Grid,ETHUSDT,17.65,59896019,1,0.10674065916577,0.17347517193217,2025-10-01T00:00:00+00:00,2026-09-30T00:00:00+00:00,0.06673451
8527587,Spot Grid,BNBBTC,11.73,32861278,1,0.03586610675,0.1018121155,2025-10-01T00:00:00+00:00,2026-09-30T00:00:00+00:00,0.06594601
6799818,Spot Grid,AAVEBTC,12.72,53072283,1,0.02192291365517,0.08630534965517,2025-10-01T00:00:00+00:00,2026-09-30T00:00:00+00:00,0.06438244
8579851,Spot Grid,BNBBTC,8.84,32200680,1,0.01005422186639,0.07342624488568,2025-10-01T00:00:00+00:00,2026-09-30T00:00:00+00:00,0.06337202
7876506,Spot Grid,LINKETH,13.28,39388524,1,0.08793653774319,0.15122342504864,2025-10-01T00:00:00+00:00,2026-09-30T00:00:00+00:00,0.06328689
6850283,Spot Grid,LTCETH,1.41,52573437,1,-0.07938824625635,-0.01625559428493,2025-10-01T00:00:00+00:00,2026-09-30T00:00:00+00:00,0.06313265
8538445,Spot Grid,BNBBTC,7.92,32736669,1,0.00132614244466,0.06440193782483,2025-10-01T00:00:00+00:00,2026-09-30T00:00:00+00:00,0.0630758
7183619,Spot Grid,BTCUSDT,11.51,48292779,1,0.03433029922,0.0962436373878,2025-10-01T00:00:00+00:00,2026-09-30T00:00:00+00:00,0.06191334
6320458,Spot Grid,BNBUSDT,22.87,57090677,1,0.15828661910204,0.21993868061224,2025-10-01T00:00:00+00:00,2026-09-30T00:00:00+00:00,0.06165206
4901320,Spot Grid,BNBBTC,9.34,71157682,1,0.02356758785714,0.08476884228571,2025-10-01T00:00:00+00:00,2026-09-30T00:00:00+00:00,0.06120125
8366775,Spot Grid,SOLETH,10.22,34621505,1,0.03649146528293,0.09643703484062,2025-10-01T00:00:00+00:00,2026-09-30T00:00:00+00:00,0.05994557
8130004,Spot Grid,MINAUSDT,3.53,37250192,1,-0.09663292898874,-0.03739178963644,2025-10-01T00:00:00+00:00,2026-09-30T00:00:00+00:00,0.05924114
8042661,Spot Grid,ETHBTC,10.94,38026626,1,0.05566987823834,0.1146810880829,2025-10-01T00:00:00+00:00,2026-09-30T00:00:00+00:00,0.05901121
5379123,Spot Grid,BNBBTC,9.44,63711170,1,0.02656234385789,0.08539952058693,2025-10-01T00:00:00+00:00,2026-09-30T00:00:00+00:00,0.05883718
7304993,Spot Grid,BTCUSDT,7.30,46486755,1,0.01083612653333,0.06955404453667,2025-10-01T00:00:00+00:00,2026-09-30T00:00:00+00:00,0.05871792
7066434,Spot Grid,BTCUSDT,15.61,49967366,1,0.08481893899,0.1434037262631,2025-10-01T00:00:00+00:00,2026-09-30T00:00:00+00:00,0.05858479
8490783,Spot Grid,LINKETH,3.66,33226749,1,-0.00536839666667,0.05109342041667,2025-10-01T00:00:00+00:00,2026-09-30T00:00:00+00:00,0.05646182
7754352,Spot Grid,SOLBTC,11.08,41342998,1,0.05218718679354,0.1085674435589,2025-10-01T00:00:00+00:00,2026-09-30T00:00:00+00:00,0.05638026
7342402,Spot Grid,BTCUSDT,9.24,45926981,1,0.02834690236,0.0846144868815,2025-10-01T00:00:00+00:00,2026-09-30T00:00:00+00:00,0.05626758
7038785,Spot Grid,SOLUSDT,23.43,50275659,1,0.16564217525223,0.22149548451039,2025-10-01T00:00:00+00:00,2026-09-30T00:00:00+00:00,0.05585331
7867542,Spot Grid,ETHUSDT,9.84,39543031,1,0.03710346527238,0.0929439175018,2025-10-01T00:00:00+00:00,2026-09-30T00:00:00+00:00,0.05584045
7781135,Spot Grid,ETHUSDC,14.43,40877816,1,0.08340102136855,0.1389479351284,2025-10-01T00:00:00+00:00,2026-09-30T00:00:00+00:00,0.05554691
3503662,Spot Grid,BNBBTC,34.32,81465051,1,0.2734926666,0.3288968644,2025-10-01T00:00:00+00:00,2026-09-30T00:00:00+00:00,0.0554042
7753760,Spot Grid,ETHUSDT,14.97,41350123,1,0.08918108081,0.144460857915,2025-10-01T00:00:00+00:00,2026-09-30T00:00:00+00:00,0.05527978
8526281,Spot Grid,PUMPUSDT,1.35,32877516,1,-0.11783626784,-0.06267108999,2025-10-01T00:00:00+00:00,2026-09-30T00:00:00+00:00,0.05516518
7289001,Spot Grid,BTCFDUSD,17.28,46691613,1,0.10843520323231,0.16233591690492,2025-10-01T00:00:00+00:00,2026-09-30T00:00:00+00:00,0.05390071
7169273,Spot Grid,LINKUSDC,12.81,48490013,1,0.084807028054,0.138361529686,2025-10-01T00:00:00+00:00,2026-09-30T00:00:00+00:00,0.0535545
3540326,Spot Grid,SOLUSDT,81.57,81372588,1,0.74339004692308,0.7964924624359,2025-10-01T00:00:00+00:00,2026-09-30T00:00:00+00:00,0.05310242
5725987,Spot Grid,BTCUSDC,17.84,59786113,1,0.11679364987714,0.16844208831238,2025-10-01T00:00:00+00:00,2026-09-30T00:00:00+00:00,0.05164844
8008540,Spot Grid,BNBUSDT,12.51,38272860,1,0.0616867304,0.1126506731,2025-10-01T00:00:00+00:00,2026-09-30T00:00:00+00:00,0.05096394
8574749,Spot Grid,BNBUSDT,8.20,32265592,1,0.01483993913,0.06569863685,2025-10-01T00:00:00+00:00,2026-09-30T00:00:00+00:00,0.0508587
6440580,Spot Grid,ETHBTC,10.80,56220387,1,0.06516913024283,0.11515055187638,2025-10-01T00:00:00+00:00,2026-09-30T00:00:00+00:00,0.04998142
8386465,Spot Grid,LINKETH,4.20,34317714,1,0.002647404,0.0524881956,2025-10-01T00:00:00+00:00,2026-09-30T00:00:00+00:00,0.04984079
8233771,Spot Grid,LTCBTC,0.26,36089419,1,-0.07775801771044,-0.02879943164983,2025-10-01T00:00:00+00:00,2026-09-30T00:00:00+00:00,0.04895859
8550653,Spot Grid,BNBETH,5.88,32596119,1,-0.00071438,0.04747306904762,2025-10-01T00:00:00+00:00,2026-09-30T00:00:00+00:00,0.04818745
8135278,Spot Grid,ETHBTC,8.03,37184660,1,0.04057841666667,0.08874490421456,2025-10-01T00:00:00+00:00,2026-09-30T00:00:00+00:00,0.04816649
196708,Spot Grid,ETHUSDT,67.69,140911680,1,0.62111711458112,0.66899434688703,2025-10-01T00:00:00+00:00,2026-09-30T00:00:00+00:00,0.04787723
6590233,Spot Grid,LTCUSDT,46.99,54852174,1,0.37210673993333,0.4197776981,2025-10-01T00:00:00+00:00,2026-09-30T00:00:00+00:00,0.04767096
4731356,Spot Grid,BNBBTC,1.84,73547376,1,-0.04068842438331,0.00651261729475,2025-10-01T00:00:00+00:00,2026-09-30T00:00:00+00:00,0.04720104
8122425,Spot Grid,BNBUSDT,11.71,37340826,1,0.05541710536,0.102431084965,2025-10-01T00:00:00+00:00,2026-09-30T00:00:00+00:00,0.04701398
8094524,Spot Grid,ETHFDUSD,13.63,37604896,1,0.08614010245134,0.13246834779239,2025-10-01T00:00:00+00:00,2026-09-30T00:00:00+00:00,0.04632825
5870072,Spot Grid,BTCUSDT,20.42,59193945,1,0.14781619145103,0.19390482181198,2025-10-01T00:00:00+00:00,2026-09-30T00:00:00+00:00,0.04608863
8401714,Spot Grid,SOLETH,9.42,34105940,1,0.03880030733098,0.08437792927361,2025-10-01T00:00:00+00:00,2026-09-30T00:00:00+00:00,0.04557762
6215982,Spot Grid,BNBUSDT,16.64,57589005,1,0.11243841889483,0.15795348569284,2025-10-01T00:00:00+00:00,2026-09-30T00:00:00+00:00,0.04551507
2781592,Spot Grid,SOLUSDT,32.64,86923188,1,0.27358218246,0.31834482656,2025-10-01T00:00:00+00:00,2026-09-30T00:00:00+00:00,0.04476264
8241245,Spot Grid,BNBUSDT,10.36,36037805,1,0.03707911035,0.0814924187,2025-10-01T00:00:00+00:00,2026-09-30T00:00:00+00:00,0.04441331
7441380,Spot Grid,LTCUSDT,21.43,44739678,1,0.12614932428571,0.1701743814,2025-10-01T00:00:00+00:00,2026-09-30T00:00:00+00:00,0.04402506
6249545,Spot Grid,TRXUSDT,11.33,57448321,1,0.06644358771523,0.11025629576159,2025-10-01T00:00:00+00:00,2026-09-30T00:00:00+00:00,0.04381271
8355452,Spot Grid,BNBUSDT,9.21,34759692,1,0.03098084726923,0.07431121301923,2025-10-01T00:00:00+00:00,2026-09-30T00:00:00+00:00,0.04333037
8455030,Spot Grid,SOLETH,5.44,33507958,1,0.00170092759241,0.04478175259587,2025-10-01T00:00:00+00:00,2026-09-30T00:00:00+00:00,0.04308083
2699312,Spot Grid,SOLUSDT,44.66,87574518,1,0.39279540374217,0.43525917538858,2025-10-01T00:00:00+00:00,2026-09-30T00:00:00+00:00,0.04246377
8495839,Spot Grid,TRXUSDC,3.46,33177090,1,-0.01016574749935,0.03182909304791,2025-10-01T00:00:00+00:00,2026-09-30T00:00:00+00:00,0.04199484
8347979,Spot Grid,BNBUSDT,9.36,34850079,1,0.03472761846667,0.0765697315,2025-10-01T00:00:00+00:00,2026-09-30T00:00:00+00:00,0.04184211
8248379,Spot Grid,XLMUSDT,0.08,35987912,1,-0.0277751509893,0.0134515266433,2025-10-01T00:00:00+00:00,2026-09-30T00:00:00+00:00,0.04122668
8370761,Spot Grid,TRXUSDT,4.06,34560692,1,0.00013654912667,0.03819428043333,2025-10-01T00:00:00+00:00,2026-09-30T00:00:00+00:00,0.03805773
7085959,Spot Grid,BTCUSDT,10.23,49705123,1,0.05661899718,0.0930952457524,2025-10-01T00:00:00+00:00,2026-09-30T00:00:00+00:00,0.03647625
7232317,Spot Grid,BTCUSDC,7.92,47541757,1,0.03580139870584,0.07214210997251,2025-10-01T00:00:00+00:00,2026-09-30T00:00:00+00:00,0.03634071
7034848,Spot Grid,BTCUSDT,14.39,50329827,1,0.0975076303,0.133477863025,2025-10-01T00:00:00+00:00,2026-09-30T00:00:00+00:00,0.03597023
7240745,Spot Grid,BTCUSDC,8.99,47429450,1,0.04717129420267,0.083007173532,2025-10-01T00:00:00+00:00,2026-09-30T00:00:00+00:00,0.03583588
8117144,Spot Grid,BNBUSDC,8.81,37402329,1,0.03779041603774,0.07147585319811,2025-10-01T00:00:00+00:00,2026-09-30T00:00:00+00:00,0.03368544
5136239,Spot Grid,ETHUSDT,12.11,67522560,1,0.087097752422,0.120760529616,2025-10-01T00:00:00+00:00,2026-09-30T00:00:00+00:00,0.03366278
5796619,Spot Grid,ETHUSDT,25.49,59544429,1,0.21509529006623,0.24855470015894,2025-10-01T00:00:00+00:00,2026-09-30T00:00:00+00:00,0.03345941
6959160,Spot Grid,ETHUSDC,12.26,51300922,1,0.08101452926545,0.11145005781364,2025-10-01T00:00:00+00:00,2026-09-30T00:00:00+00:00,0.03043553
3809333,Spot Grid,BNBBTC,22.21,80531469,1,0.17743207717406,0.207411790632,2025-10-01T00:00:00+00:00,2026-09-30T00:00:00+00:00,0.02997971
8207416,Spot Grid,BNBUSDT,10.29,36332018,1,0.05564115460203,0.08497310415984,2025-10-01T00:00:00+00:00,2026-09-30T00:00:00+00:00,0.02933195
8206464,Spot Grid,ETHBTC,3.84,36341897,1,0.01547175996607,0.04438798982188,2025-10-01T00:00:00+00:00,2026-09-30T00:00:00+00:00,0.02891623
7183590,Spot Grid,BTCUSDT,9.21,48293031,1,0.047466542,0.07597182157556,2025-10-01T00:00:00+00:00,2026-09-30T00:00:00+00:00,0.02850528
8532272,Spot Grid,BNBBTC,7.86,32809912,1,0.0350838623,0.0631585231,2025-10-01T00:00:00+00:00,2026-09-30T00:00:00+00:00,0.02807466
6537262,Spot Grid,BTCUSDT,14.41,55284166,1,0.10621200826829,0.13427884818756,2025-10-01T00:00:00+00:00,2026-09-30T00:00:00+00:00,0.02806684
5866408,Spot Grid,ETHUSDT,29.30,59211126,1,0.26198852826467,0.28818993284467,2025-10-01T00:00:00+00:00,2026-09-30T00:00:00+00:00,0.0262014
6884882,Spot Grid,ETHUSDT,16.38,52187757,1,0.13246371616475,0.15831318686599,2025-10-01T00:00:00+00:00,2026-09-30T00:00:00+00:00,0.02584947
5731710,Spot Grid,BTCUSDT,15.86,59769368,1,0.11998139786364,0.14532599355955,2025-10-01T00:00:00+00:00,2026-09-30T00:00:00+00:00,0.0253446
7993011,Spot Grid,LTCUSDT,12.38,38351425,1,0.06131722146211,0.08618861966724,2025-10-01T00:00:00+00:00,2026-09-30T00:00:00+00:00,0.0248714
7088598,Spot Grid,BTCUSDT,8.92,49665719,1,0.04764713338525,0.07171387323416,2025-10-01T00:00:00+00:00,2026-09-30T00:00:00+00:00,0.02406674
8042675,Spot Grid,ETHBTC,8.20,38026550,1,0.06258009886292,0.086379153506,2025-10-01T00:00:00+00:00,2026-09-30T00:00:00+00:00,0.02379905
6932943,Spot Grid,ETHUSDT,16.09,51598370,1,0.12825134292,0.15192164126,2025-10-01T00:00:00+00:00,2026-09-30T00:00:00+00:00,0.0236703
6842837,Spot Grid,CAKEUSDT,29.63,52633834,1,0.30777417290295,0.32918007732306,2025-10-01T00:00:00+00:00,2026-09-30T00:00:00+00:00,0.0214059
8373314,Spot Grid,BTCUSDC,2.96,34517599,1,0.00131296385927,0.02255568169942,2025-10-01T00:00:00+00:00,2026-09-30T00:00:00+00:00,0.02124272
8139223,Spot Grid,BNBUSDT,7.70,37142907,1,0.03983489413333,0.060566788,2025-10-01T00:00:00+00:00,2026-09-30T00:00:00+00:00,0.02073189
8116081,Spot Grid,BNBUSDT,8.94,37411746,1,0.04997578511111,0.07030181144444,2025-10-01T00:00:00+00:00,2026-09-30T00:00:00+00:00,0.02032603
197546,Spot Grid,ETHUSDT,73.43,140882435,1,0.7073885507771,0.72768941186388,2025-10-01T00:00:00+00:00,2026-09-30T00:00:00+00:00,0.02030086
4931547,Spot Grid,SOLUSDT,34.14,70643616,1,0.3081072345679,0.32760122736626,2025-10-01T00:00:00+00:00,2026-09-30T00:00:00+00:00,0.01949399
8201468,Spot Grid,BNBUSDT,11.89,36385066,1,0.08005997053846,0.09815619930769,2025-10-01T00:00:00+00:00,2026-09-30T00:00:00+00:00,0.01809623
8441589,Spot Grid,TRXUSDT,1.78,33632689,1,-0.00388108468932,0.01411325549998,2025-10-01T00:00:00+00:00,2026-09-30T00:00:00+00:00,0.01799434
7084191,Spot Grid,BTCUSDT,8.08,49737194,1,0.04645965825503,0.06402859444899,2025-10-01T00:00:00+00:00,2026-09-30T00:00:00+00:00,0.01756894
8408135,Spot Grid,LTCUSDC,4.74,34018521,1,-0.00679001143955,0.01058080182045,2025-10-01T00:00:00+00:00,2026-09-30T00:00:00+00:00,0.01737081
5383810,Spot Grid,ETHUSDT,24.38,63678830,1,0.218338535766,0.2355679685877,2025-10-01T00:00:00+00:00,2026-09-30T00:00:00+00:00,0.01722943
8193496,Spot Grid,BNBUSDT,5.02,36450101,1,0.01575949269006,0.03130782236842,2025-10-01T00:00:00+00:00,2026-09-30T00:00:00+00:00,0.01554833
8239332,Spot Grid,BNBUSDT,6.09,36048689,1,0.029787419972,0.0448990666728,2025-10-01T00:00:00+00:00,2026-09-30T00:00:00+00:00,0.01511165
8425515,Spot Grid,SOLETH,3.54,33792561,1,0.01377362273932,0.02866715187334,2025-10-01T00:00:00+00:00,2026-09-30T00:00:00+00:00,0.01489353
8502620,Spot Grid,SOLETH,1.10,33096149,1,-0.0130325704,0.00160479316,2025-10-01T00:00:00+00:00,2026-09-30T00:00:00+00:00,0.01463736
5134421,Spot Grid,ETHUSDT,25.59,67555503,1,0.23512907122172,0.24971791256109,2025-10-01T00:00:00+00:00,2026-09-30T00:00:00+00:00,0.01458884
7815992,Spot Grid,BTCFDUSD,3.28,40308072,1,0.00727206125225,0.02156129467655,2025-10-01T00:00:00+00:00,2026-09-30T00:00:00+00:00,0.01428923
5910986,Spot Grid,BTCFDUSD,22.39,58993431,1,0.19493966858254,0.20899504321943,2025-10-01T00:00:00+00:00,2026-09-30T00:00:00+00:00,0.01405537
8568575,Spot Grid,ETHUSDT,2.56,32353283,1,0.00804025373956,0.02178682655778,2025-10-01T00:00:00+00:00,2026-09-30T00:00:00+00:00,0.01374657
7623647,Spot Grid,BNBUSDT,19.69,43083055,1,0.16766837918667,0.18129804227333,2025-10-01T00:00:00+00:00,2026-09-30T00:00:00+00:00,0.01362966
5505970,Spot Grid,SOLETH,4.67,62094614,1,0.02724487801746,0.04061469597458,2025-10-01T00:00:00+00:00,2026-09-30T00:00:00+00:00,0.01336982
5545263,Spot Grid,SOLETH,4.52,61619897,1,0.02610012666667,0.03903284593333,2025-10-01T00:00:00+00:00,2026-09-30T00:00:00+00:00,0.01293272
8384364,Spot Grid,SOLETH,9.57,34350239,1,0.0713566064,0.08402846309,2025-10-01T00:00:00+00:00,2026-09-30T00:00:00+00:00,0.01267186
4939926,Spot Grid,BNBBTC,2.53,70510283,1,0.00484623125788,0.01720964166052,2025-10-01T00:00:00+00:00,2026-09-30T00:00:00+00:00,0.01236341
7084248,Spot Grid,BTCUSDT,7.50,49736160,1,0.04692109365409,0.05897773545666,2025-10-01T00:00:00+00:00,2026-09-30T00:00:00+00:00,0.01205664
7128784,Spot Grid,BTCUSDT,9.19,49079056,1,0.06815128947059,0.07987206014706,2025-10-01T00:00:00+00:00,2026-09-30T00:00:00+00:00,0.01172077
8453732,Spot Grid,SOLETH,1.69,33520500,1,-0.0013553956,0.0102018708,2025-10-01T00:00:00+00:00,2026-09-30T00:00:00+00:00,0.01155727
7691493,Spot Grid,TRXUSDC,8.61,42208279,1,0.07091061907,0.0823383803885,2025-10-01T00:00:00+00:00,2026-09-30T00:00:00+00:00,0.01142776
8432033,Spot Grid,SOLETH,2.62,33730553,1,0.0080315232,0.01944306628,2025-10-01T00:00:00+00:00,2026-09-30T00:00:00+00:00,0.01141154
8421675,Spot Grid,SOLETH,4.30,33832361,1,0.0248923575,0.036195998875,2025-10-01T00:00:00+00:00,2026-09-30T00:00:00+00:00,0.01130364
8435871,Spot Grid,SOLETH,2.80,33698552,1,0.01019331121759,0.02131870475488,2025-10-01T00:00:00+00:00,2026-09-30T00:00:00+00:00,0.01112539
4488633,Spot Grid,ETHUSDT,33.73,75389223,1,0.31933579872,0.330284285424,2025-10-01T00:00:00+00:00,2026-09-30T00:00:00+00:00,0.01094849
8551084,Spot Grid,TRXUSDT,1.10,32591766,1,-0.00211464751292,0.00882808528251,2025-10-01T00:00:00+00:00,2026-09-30T00:00:00+00:00,0.01094273
7037470,Spot Grid,SOLBTC,18.63,50293624,1,0.173920764646,0.184208761964,2025-10-01T00:00:00+00:00,2026-09-30T00:00:00+00:00,0.010288
5749728,Spot Grid,BTCUSDT,4.96,59710469,1,0.03302091320752,0.04301820240432,2025-10-01T00:00:00+00:00,2026-09-30T00:00:00+00:00,0.00999729
5071842,Spot Grid,BNBBTC,9.01,68608789,1,0.07372327871875,0.083694115,2025-10-01T00:00:00+00:00,2026-09-30T00:00:00+00:00,0.00997084
5741735,Spot Grid,BTCUSDT,5.48,59733980,1,0.03773948854331,0.04767978475614,2025-10-01T00:00:00+00:00,2026-09-30T00:00:00+00:00,0.0099403
8068128,Spot Grid,BNBUSDC,5.60,37855918,1,0.032677128844,0.04098888571,2025-10-01T00:00:00+00:00,2026-09-30T00:00:00+00:00,0.00831176
6923613,Spot Grid,ETHUSDT,11.17,51706604,1,0.09848398374,0.1065622378,2025-10-01T00:00:00+00:00,2026-09-30T00:00:00+00:00,0.00807825
8283721,Spot Grid,BNBFDUSD,8.53,35607472,1,0.04739339596026,0.05473612635762,2025-10-01T00:00:00+00:00,2026-09-30T00:00:00+00:00,0.00734273
6966370,Spot Grid,ETHUSDT,17.99,51189791,1,0.16594418351515,0.17186074521212,2025-10-01T00:00:00+00:00,2026-09-30T00:00:00+00:00,0.00591656
8374643,Spot Grid,SOLETH,7.55,34496131,1,0.06157432482798,0.0673451090883,2025-10-01T00:00:00+00:00,2026-09-30T00:00:00+00:00,0.00577078
4231147,Spot Grid,ETHUSDT,36.44,77896652,1,0.35240128224183,0.35778737562745,2025-10-01T00:00:00+00:00,2026-09-30T00:00:00+00:00,0.00538609
7086269,Spot Grid,BTCUSDT,9.11,49700050,1,0.07207000363333,0.07736648764967,2025-10-01T00:00:00+00:00,2026-09-30T00:00:00+00:00,0.00529648
6939122,Spot Grid,ETHUSDT,27.73,51550835,1,0.266489985396,0.2715645824232,2025-10-01T00:00:00+00:00,2026-09-30T00:00:00+00:00,0.0050746
6689556,Spot Grid,BNBBTC,15.55,53853864,1,0.13883207891779,0.14386507755345,2025-10-01T00:00:00+00:00,2026-09-30T00:00:00+00:00,0.005033
6742351,Spot Grid,ETHBTC,3.92,53571591,1,0.03664070504798,0.0413765736334,2025-10-01T00:00:00+00:00,2026-09-30T00:00:00+00:00,0.00473587
8592204,Spot Grid,BNBUSDT,2.21,32004309,1,6.541081395e-05,0.0047871161531,2025-10-01T00:00:00+00:00,2026-09-30T00:00:00+00:00,0.00472171
6499168,Spot Grid,ETHBTC,5.49,55689937,1,0.05778186710369,0.06209430274136,2025-10-01T00:00:00+00:00,2026-09-30T00:00:00+00:00,0.00431244
8218603,Spot Grid,ETHBTC,3.86,36221165,1,0.04179782009926,0.04602789081886,2025-10-01T00:00:00+00:00,2026-09-30T00:00:00+00:00,0.00423007
6799855,Spot Grid,BNBBTC,15.01,53071935,1,0.13464310610345,0.13878531337931,2025-10-01T00:00:00+00:00,2026-09-30T00:00:00+00:00,0.00414221
8166874,Spot Grid,ETHBTC,7.01,36764645,1,0.07213489883,0.076271596,2025-10-01T00:00:00+00:00,2026-09-30T00:00:00+00:00,0.0041367
6496047,Spot Grid,ETHBTC,5.18,55721277,1,0.05502726,0.05896222040816,2025-10-01T00:00:00+00:00,2026-09-30T00:00:00+00:00,0.00393496
6317958,Spot Grid,ETHUSDT,16.01,57102765,1,0.15367361476467,0.15608916663667,2025-10-01T00:00:00+00:00,2026-09-30T00:00:00+00:00,0.00241555
8190263,Spot Grid,ETHBTC,4.67,36474463,1,0.04943974875776,0.05174367701863,2025-10-01T00:00:00+00:00,2026-09-30T00:00:00+00:00,0.00230393
6233962,Spot Grid,ETHUSDT,15.91,57518049,1,0.15389242589474,0.15508096505895,2025-10-01T00:00:00+00:00,2026-09-30T00:00:00+00:00,0.00118854
6317096,Spot Grid,ETHUSDT,15.75,57106328,1,0.15232231017,0.15350129408667,2025-10-01T00:00:00+00:00,2026-09-30T00:00:00+00:00,0.00117898
7772794,Spot Grid,CAKEUSDT,3.27,41036711,1,0.0567177890769,0.05744873914488,2025-10-01T00:00:00+00:00,2026-09-30T00:00:00+00:00,0.00073095
7775466,Spot Grid,TRXUSDT,15.96,40999316,1,0.15588053983726,0.15649862860003,2025-10-01T00:00:00+00:00,2026-09-30T00:00:00+00:00,0.00061809
7775526,Spot Grid,TRXUSDT,14.56,40998150,1,0.14232711290345,0.14283937237543,2025-10-01T00:00:00+00:00,2026-09-30T00:00:00+00:00,0.00051226
8042792,Spot Grid,LTCUSDT,3.64,38026115,1,0.00108829302749,0.00124331379927,2025-10-01T00:00:00+00:00,2026-09-30T00:00:00+00:00,0.00015502
5716933,Spot Grid,ETHUSDT,28.63,59823166,1,0.28208109714769,0.28196827081692,2025-10-01T00:00:00+00:00,2026-09-30T00:00:00+00:00,-0.00011283
7331070,Spot Grid,BTCUSDT,4.72,46095351,1,0.03566471684211,0.03537969641579,2025-10-01T00:00:00+00:00,2026-09-30T00:00:00+00:00,-0.00028502
7206655,Spot Grid,BTCUSDT,7.01,47976859,1,0.05383534882538,0.05337262840842,2025-10-01T00:00:00+00:00,2026-09-30T00:00:00+00:00,-0.00046272
7762380,Spot Grid,CAKEUSDT,1.82,41214619,1,0.04114974307666,0.04040473412891,2025-10-01T00:00:00+00:00,2026-09-30T00:00:00+00:00,-0.00074501
8156517,Spot Grid,ETHUSDT,6.19,36900837,1,0.05963027185,0.057870310242,2025-10-01T00:00:00+00:00,2026-09-30T00:00:00+00:00,-0.00175996
7095236,Spot Grid,BTCUSDT,13.08,49550113,1,0.12107924424268,0.11905223333108,2025-10-01T00:00:00+00:00,2026-09-30T00:00:00+00:00,-0.00202701
3667551,Spot Grid,ETHUSDT,34.21,81004655,1,0.339337200796,0.337301982412,2025-10-01T00:00:00+00:00,2026-09-30T00:00:00+00:00,-0.00203522
6969682,Spot Grid,ETHUSDT,16.56,51144534,1,0.15957970838462,0.157271479,2025-10-01T00:00:00+00:00,2026-09-30T00:00:00+00:00,-0.00230823
7746001,Spot Grid,ETHUSDT,20.40,41453502,1,0.20242301095307,0.19991838852626,2025-10-01T00:00:00+00:00,2026-09-30T00:00:00+00:00,-0.00250462
7526961,Spot Grid,BTCUSDT,3.45,43979987,1,0.02658726465,0.0240558395218,2025-10-01T00:00:00+00:00,2026-09-30T00:00:00+00:00,-0.00253143
6946798,Spot Grid,ETHUSDT,3.54,51460687,1,0.035928600492,0.0333928545,2025-10-01T00:00:00+00:00,2026-09-30T00:00:00+00:00,-0.00253575
6783404,Spot Grid,ETHUSDT,16.60,53230444,1,0.16413416576,0.16124060353091,2025-10-01T00:00:00+00:00,2026-09-30T00:00:00+00:00,-0.00289356
7740118,Spot Grid,ETHUSDT,21.31,41505611,1,0.21184577055483,0.20882841546804,2025-10-01T00:00:00+00:00,2026-09-30T00:00:00+00:00,-0.00301736
7195350,Spot Grid,BTCUSDT,3.56,48145330,1,0.02436301324936,0.02055698245593,2025-10-01T00:00:00+00:00,2026-09-30T00:00:00+00:00,-0.00380603
5731138,Spot Grid,ETHUSDT,24.41,59771199,1,0.24389468259326,0.23998621087191,2025-10-01T00:00:00+00:00,2026-09-30T00:00:00+00:00,-0.00390847
8436019,Spot Grid,SOLETH,0.94,33697462,1,0.00821546652031,0.00308927768249,2025-10-01T00:00:00+00:00,2026-09-30T00:00:00+00:00,-0.00512619
8389788,Spot Grid,SOLETH,2.26,34280302,1,0.02149474133333,0.0161998962,2025-10-01T00:00:00+00:00,2026-09-30T00:00:00+00:00,-0.00529485
8384648,Spot Grid,SOLETH,3.74,34345925,1,0.03643722258035,0.03103411947079,2025-10-01T00:00:00+00:00,2026-09-30T00:00:00+00:00,-0.0054031
8372116,Spot Grid,SOLETH,3.91,34539138,1,0.03809544794521,0.03267124989726,2025-10-01T00:00:00+00:00,2026-09-30T00:00:00+00:00,-0.0054242
8361865,Spot Grid,SOLETH,2.33,34684434,1,0.02228337640624,0.01680672498627,2025-10-01T00:00:00+00:00,2026-09-30T00:00:00+00:00,-0.00547665
8358942,Spot Grid,SOLETH,3.36,34726649,1,0.032655328,0.0271235309,2025-10-01T00:00:00+00:00,2026-09-30T00:00:00+00:00,-0.0055318
6429198,Spot Grid,ETHUSDT,18.55,56330628,1,0.18622402306518,0.17999821999032,2025-10-01T00:00:00+00:00,2026-09-30T00:00:00+00:00,-0.0062258
6009033,Spot Grid,BNBUSDT,10.24,58558526,1,0.10518613735499,0.09828641299304,2025-10-01T00:00:00+00:00,2026-09-30T00:00:00+00:00,-0.00689972
8448727,Spot Grid,SOLETH,0.57,33565202,1,0.00388623333664,-0.00319444544714,2025-10-01T00:00:00+00:00,2026-09-30T00:00:00+00:00,-0.00708068
8122662,Spot Grid,SOLUSDC,2.35,36971046,1,0.01448135963872,0.00727022539094,2025-10-01T00:00:00+00:00,2026-09-30T00:00:00+00:00,-0.00721113
7372028,Spot Grid,BTCUSDT,6.99,45630901,1,0.06506706008302,0.05770339590905,2025-10-01T00:00:00+00:00,2026-09-30T00:00:00+00:00,-0.00736366
7452103,Spot Grid,BTCUSDC,1.91,44555191,1,0.0123229983032,0.00449016032,2025-10-01T00:00:00+00:00,2026-09-30T00:00:00+00:00,-0.00783284
8197277,Spot Grid,ETHBTC,0.65,36411870,1,0.01991095332303,0.01167092426584,2025-10-01T00:00:00+00:00,2026-09-30T00:00:00+00:00,-0.00824003
7443341,Spot Grid,BTCUSDC,2.46,44698689,1,0.01799507254867,0.00972448844667,2025-10-01T00:00:00+00:00,2026-09-30T00:00:00+00:00,-0.00827058
8540434,Spot Grid,BNBUSDC,0.28,32710678,1,-0.00864323924424,-0.01716565695392,2025-10-01T00:00:00+00:00,2026-09-30T00:00:00+00:00,-0.00852242
8116569,Spot Grid,BNBUSDT,7.37,37407651,1,0.05387876866582,0.04475511886483,2025-10-01T00:00:00+00:00,2026-09-30T00:00:00+00:00,-0.00912365
8540187,Spot Grid,BNBUSDT,0.35,32713844,1,-0.00180984465714,-0.01186405791429,2025-10-01T00:00:00+00:00,2026-09-30T00:00:00+00:00,-0.01005421
7448213,Spot Grid,BTCUSDC,2.52,44615511,1,0.02063250863333,0.01041874585524,2025-10-01T00:00:00+00:00,2026-09-30T00:00:00+00:00,-0.01021376
7177149,Spot Grid,BTCUSDT,5.93,48364364,1,0.0530209748,0.04244423651733,2025-10-01T00:00:00+00:00,2026-09-30T00:00:00+00:00,-0.01057674
6763017,Spot Grid,LTCUSDT,9.36,53414340,1,0.06953624578904,0.05869683749312,2025-10-01T00:00:00+00:00,2026-09-30T00:00:00+00:00,-0.01083941
5545274,Spot Grid,SOLETH,0.96,61619803,1,0.014404828,0.00289834423333,2025-10-01T00:00:00+00:00,2026-09-30T00:00:00+00:00,-0.01150648
6476391,Spot Grid,ETHBTC,2.95,55918425,1,0.04940948183695,0.0375000123839,2025-10-01T00:00:00+00:00,2026-09-30T00:00:00+00:00,-0.01190947
6299343,Spot Grid,XRPUSDT,34.16,57192002,1,0.35033898454,0.336972602752,2025-10-01T00:00:00+00:00,2026-09-30T00:00:00+00:00,-0.01336638
7894089,Spot Grid,BTCUSDT,1.10,39105544,1,0.017786798219,0.0019950396775,2025-10-01T00:00:00+00:00,2026-09-30T00:00:00+00:00,-0.01579176
7941788,Spot Grid,ETHUSDT,1.88,38715080,1,0.03079746130718,0.01471302842237,2025-10-01T00:00:00+00:00,2026-09-30T00:00:00+00:00,-0.01608443
1764430,Spot Grid,LTCUSDT,71.52,100034361,1,0.68150402011049,0.66530897329213,2025-10-01T00:00:00+00:00,2026-09-30T00:00:00+00:00,-0.01619505
7513162,Spot Grid,BTCUSDT,0.72,44084918,1,0.00734441411,-0.0089603700971,2025-10-01T00:00:00+00:00,2026-09-30T00:00:00+00:00,-0.01630478
8507903,Spot Grid,BNBBTC,0.20,33041624,1,0.00471684646272,-0.01328395156683,2025-10-01T00:00:00+00:00,2026-09-30T00:00:00+00:00,-0.0180008
7006446,Spot Grid,BTCUSDT,7.05,50685506,1,0.07739165257,0.0590165278186,2025-10-01T00:00:00+00:00,2026-09-30T00:00:00+00:00,-0.01837512
8121387,Spot Grid,LINKBTC,10.48,37351713,1,0.1492887439573,0.13064207208056,2025-10-01T00:00:00+00:00,2026-09-30T00:00:00+00:00,-0.01864667
7933539,Spot Grid,SOLUSDC,2.06,38804970,1,0.02498377498,0.00539188326167,2025-10-01T00:00:00+00:00,2026-09-30T00:00:00+00:00,-0.01959189
6883234,Spot Grid,CAKEUSDT,52.86,52204609,1,0.57256947300796,0.55223125204328,2025-10-01T00:00:00+00:00,2026-09-30T00:00:00+00:00,-0.02033822
8568561,Spot Grid,MINAUSDT,5.88,32328852,1,-0.03976544047622,-0.06068880478098,2025-10-01T00:00:00+00:00,2026-09-30T00:00:00+00:00,-0.02092336
7361329,Spot Grid,BTCUSDT,8.14,45736753,1,0.09218395836336,0.07116353911246,2025-10-01T00:00:00+00:00,2026-09-30T00:00:00+00:00,-0.02102042
6937644,Spot Grid,ETHUSDT,0.15,51565445,1,0.015934228,-0.005400251005,2025-10-01T00:00:00+00:00,2026-09-30T00:00:00+00:00,-0.02133448
8572516,Spot Grid,BNBUSDT,3.03,32303179,1,0.02638426424,0.00472570734,2025-10-01T00:00:00+00:00,2026-09-30T00:00:00+00:00,-0.02165856
5768348,Spot Grid,BTCUSDT,26.12,59626638,1,0.26912729805,0.2473056255875,2025-10-01T00:00:00+00:00,2026-09-30T00:00:00+00:00,-0.02182167
4276087,Spot Grid,SOLBTC,8.88,77466036,1,0.10975976563,0.08784427669143,2025-10-01T00:00:00+00:00,2026-09-30T00:00:00+00:00,-0.02191549
8357407,Spot Grid,BNBFDUSD,2.61,34740339,1,0.02882143711945,0.00597912952901,2025-10-01T00:00:00+00:00,2026-09-30T00:00:00+00:00,-0.02284231
7399775,Spot Grid,NEXOUSDT,16.35,45338807,1,0.18514051716667,0.16132295656667,2025-10-01T00:00:00+00:00,2026-09-30T00:00:00+00:00,-0.02381756
8068120,Spot Grid,ETHUSDC,0.42,37855963,1,0.0228573477214,-0.000972807699,2025-10-01T00:00:00+00:00,2026-09-30T00:00:00+00:00,-0.02383016
8200989,Spot Grid,ETHBTC,0.05,36387926,1,0.03267766830769,0.00834974769231,2025-10-01T00:00:00+00:00,2026-09-30T00:00:00+00:00,-0.02432792
8414324,Spot Grid,BNBUSDT,2.20,33925916,1,0.03253372156667,0.00553137502,2025-10-01T00:00:00+00:00,2026-09-30T00:00:00+00:00,-0.02700235
6188786,Spot Grid,BTCUSDT,7.31,57701917,1,0.092038478297,0.06458206116399,2025-10-01T00:00:00+00:00,2026-09-30T00:00:00+00:00,-0.02745642
7122202,Spot Grid,BTCUSDT,13.52,49163936,1,0.15138145650629,0.1238849214185,2025-10-01T00:00:00+00:00,2026-09-30T00:00:00+00:00,-0.02749654
5299703,Spot Grid,SOLETH,5.92,64793846,1,0.0799994192,0.0523320718,2025-10-01T00:00:00+00:00,2026-09-30T00:00:00+00:00,-0.02766735
7902935,Spot Grid,SOLUSDT,3.74,39012923,1,0.0524393655949,0.02450808786774,2025-10-01T00:00:00+00:00,2026-09-30T00:00:00+00:00,-0.02793128
3683933,Spot Grid,LTCUSDT,60.83,80959920,1,0.593022633492,0.564480210108,2025-10-01T00:00:00+00:00,2026-09-30T00:00:00+00:00,-0.02854242
7235354,Spot Grid,BTCUSDT,12.45,47504563,1,0.14105120969231,0.11247657027492,2025-10-01T00:00:00+00:00,2026-09-30T00:00:00+00:00,-0.02857464
7074286,Spot Grid,BTCUSDT,6.98,49868432,1,0.08436746523432,0.05546032400433,2025-10-01T00:00:00+00:00,2026-09-30T00:00:00+00:00,-0.02890714
6012407,Spot Grid,BTCUSDT,12.78,58533779,1,0.14675890428,0.117831652895,2025-10-01T00:00:00+00:00,2026-09-30T00:00:00+00:00,-0.02892725
4802273,Spot Grid,SOLUSDT,55.06,72744063,1,0.56334907410714,0.53391590232143,2025-10-01T00:00:00+00:00,2026-09-30T00:00:00+00:00,-0.02943317
8084110,Spot Grid,ETHUSDT,3.32,37714986,1,0.05874007411934,0.02896629764222,2025-10-01T00:00:00+00:00,2026-09-30T00:00:00+00:00,-0.02977378
6476407,Spot Grid,BTCUSDC,5.74,55918294,1,0.07761480251008,0.04666303343159,2025-10-01T00:00:00+00:00,2026-09-30T00:00:00+00:00,-0.03095177
6411742,Spot Grid,BNBUSDT,11.25,56440070,1,0.1325596977284,0.10031459354321,2025-10-01T00:00:00+00:00,2026-09-30T00:00:00+00:00,-0.0322451
7227144,Spot Grid,SOLUSDC,9.93,47617401,1,0.12023149277024,0.08781302149762,2025-10-01T00:00:00+00:00,2026-09-30T00:00:00+00:00,-0.03241847
7173737,Spot Grid,BTCUSDT,13.35,48413596,1,0.15666149729,0.1235967631723,2025-10-01T00:00:00+00:00,2026-09-30T00:00:00+00:00,-0.03306473
7503505,Spot Grid,ETHBTC,2.91,44155733,1,0.07146657411765,0.03781955294118,2025-10-01T00:00:00+00:00,2026-09-30T00:00:00+00:00,-0.03364702
8012670,Spot Grid,ETHUSDT,6.67,38235275,1,0.09586235103,0.061940260495,2025-10-01T00:00:00+00:00,2026-09-30T00:00:00+00:00,-0.03392209
5139182,Spot Grid,ETHUSDC,30.36,67477825,1,0.333957276175,0.29846978482155,2025-10-01T00:00:00+00:00,2026-09-30T00:00:00+00:00,-0.03548749
6606823,Spot Grid,ETHUSDT,12.90,54660828,1,0.15839053892571,0.12266706214857,2025-10-01T00:00:00+00:00,2026-09-30T00:00:00+00:00,-0.03572348
8133053,Spot Grid,BNBUSDT,3.85,37217281,1,0.05312306590909,0.01735654645455,2025-10-01T00:00:00+00:00,2026-09-30T00:00:00+00:00,-0.03576652
6525619,Spot Grid,BTCUSDT,11.10,55379472,1,0.13289255620155,0.0962105805049,2025-10-01T00:00:00+00:00,2026-09-30T00:00:00+00:00,-0.03668198
7022039,Spot Grid,BTCEUR,10.22,50488944,1,0.119784943188,0.082689068064,2025-10-01T00:00:00+00:00,2026-09-30T00:00:00+00:00,-0.03709588
5913480,Spot Grid,BTCUSDT,12.44,58975402,1,0.15098928332,0.1137904631725,2025-10-01T00:00:00+00:00,2026-09-30T00:00:00+00:00,-0.03719882
4174304,Spot Grid,ETHUSDT,32.21,78394693,1,0.35430801350559,0.31651249186346,2025-10-01T00:00:00+00:00,2026-09-30T00:00:00+00:00,-0.03779552
8130717,Spot Grid,ETHFDUSD,1.59,37242097,1,0.04924226115717,0.0102463305654,2025-10-01T00:00:00+00:00,2026-09-30T00:00:00+00:00,-0.03899593
8093468,Spot Grid,ETHUSDT,3.50,37614833,1,0.0703755554528,0.0311490777056,2025-10-01T00:00:00+00:00,2026-09-30T00:00:00+00:00,-0.03922648
8213350,Spot Grid,ZROUSDT,5.02,36274558,1,-0.04758540556667,-0.0869913755,2025-10-01T00:00:00+00:00,2026-09-30T00:00:00+00:00,-0.03940597
4620585,Spot Grid,ETHUSDT,17.10,74398195,1,0.20539389714634,0.16513972568293,2025-10-01T00:00:00+00:00,2026-09-30T00:00:00+00:00,-0.04025417
8484919,Spot Grid,BNBFDUSD,0.52,33283132,1,0.02381620563,-0.0167412206625,2025-10-01T00:00:00+00:00,2026-09-30T00:00:00+00:00,-0.04055743
7194635,Spot Grid,DOGEUSDT,13.82,48152502,1,0.17776988185,0.13708627041,2025-10-01T00:00:00+00:00,2026-09-30T00:00:00+00:00,-0.04068361
7007249,Spot Grid,BTCUSDT,9.83,50674493,1,0.12583509028571,0.083717773562,2025-10-01T00:00:00+00:00,2026-09-30T00:00:00+00:00,-0.04211732
3607536,Spot Grid,PEPEUSDT,76.53,81189757,1,0.79800116825,0.755856255682,2025-10-01T00:00:00+00:00,2026-09-30T00:00:00+00:00,-0.04214491
7796156,Spot Grid,SOLUSDT,7.11,40613158,1,0.09806341222591,0.05533359099668,2025-10-01T00:00:00+00:00,2026-09-30T00:00:00+00:00,-0.04272982
5925919,Spot Grid,BTCUSDT,9.87,58918925,1,0.13228780593,0.0885096587454,2025-10-01T00:00:00+00:00,2026-09-30T00:00:00+00:00,-0.04377815
7154037,Spot Grid,BTCUSDT,11.99,48713891,1,0.15447990318182,0.10945036651,2025-10-01T00:00:00+00:00,2026-09-30T00:00:00+00:00,-0.04502954
7813551,Spot Grid,RAYUSDT,35.88,40345126,1,0.34299094864388,0.29736460532625,2025-10-01T00:00:00+00:00,2026-09-30T00:00:00+00:00,-0.04562634
5886155,Spot Grid,LTCUSDT,52.86,59111588,1,0.52769829025174,0.48171859182347,2025-10-01T00:00:00+00:00,2026-09-30T00:00:00+00:00,-0.0459797
8043555,Spot Grid,ETHUSDT,3.05,38022990,1,0.07277903662221,0.02640861128234,2025-10-01T00:00:00+00:00,2026-09-30T00:00:00+00:00,-0.04637043
5799628,Spot Grid,BTCUSDT,9.73,59534251,1,0.13413922485577,0.08757782632521,2025-10-01T00:00:00+00:00,2026-09-30T00:00:00+00:00,-0.0465614
5186116,Spot Grid,BTCFDUSD,20.56,66710038,1,0.238588631173,0.1913464615499,2025-10-01T00:00:00+00:00,2026-09-30T00:00:00+00:00,-0.04724217
3856072,Spot Grid,RAYUSDT,77.62,80277721,1,0.75340521627451,0.70607555529412,2025-10-01T00:00:00+00:00,2026-09-30T00:00:00+00:00,-0.04732966
8510030,Spot Grid,BNBUSDT,1.48,33016218,1,0.03638883343889,-0.01119728857222,2025-10-01T00:00:00+00:00,2026-09-30T00:00:00+00:00,-0.04758612
6306928,Spot Grid,BTCUSDT,10.62,57154903,1,0.14208488916,0.0944261037598,2025-10-01T00:00:00+00:00,2026-09-30T00:00:00+00:00,-0.04765879
8074932,Spot Grid,BNBFDUSD,4.94,37799037,1,0.07277093252113,0.02505158214085,2025-10-01T00:00:00+00:00,2026-09-30T00:00:00+00:00,-0.04771935
5080885,Spot Grid,ETHUSDC,21.96,68419967,1,0.26253404875182,0.21462439032364,2025-10-01T00:00:00+00:00,2026-09-30T00:00:00+00:00,-0.04790966
7364100,Spot Grid,BTCUSDT,0.69,45715719,1,0.03995942308,-0.008466079294,2025-10-01T00:00:00+00:00,2026-09-30T00:00:00+00:00,-0.0484255
6849441,Spot Grid,LTCUSDT,40.15,52579266,1,0.39882587535581,0.34944577865876,2025-10-01T00:00:00+00:00,2026-09-30T00:00:00+00:00,-0.0493801
8196746,Spot Grid,BNBUSDT,4.29,36415297,1,0.06386538457159,0.0131585579277,2025-10-01T00:00:00+00:00,2026-09-30T00:00:00+00:00,-0.05070683
6173375,Spot Grid,BTCUSDT,5.94,57761098,1,0.100865156605,0.04975673836535,2025-10-01T00:00:00+00:00,2026-09-30T00:00:00+00:00,-0.05110842
7363692,Spot Grid,BTCUSDT,3.24,45718853,1,0.06731142573,0.0159966906646,2025-10-01T00:00:00+00:00,2026-09-30T00:00:00+00:00,-0.05131474
6665359,Spot Grid,ETHUSDT,7.97,54047295,1,0.12503996149895,0.07371755657684,2025-10-01T00:00:00+00:00,2026-09-30T00:00:00+00:00,-0.0513224
7226946,Spot Grid,PEPEUSDC,9.68,47620314,1,0.14089875081025,0.0884630114316,2025-10-01T00:00:00+00:00,2026-09-30T00:00:00+00:00,-0.05243574
5731304,Spot Grid,BTCFDUSD,3.85,59766309,1,0.07989286976689,0.02694882451849,2025-10-01T00:00:00+00:00,2026-09-30T00:00:00+00:00,-0.05294405
8038996,Spot Grid,ETHUSDT,1.27,38046208,1,0.06168614315456,0.00845301470205,2025-10-01T00:00:00+00:00,2026-09-30T00:00:00+00:00,-0.05323313
8116730,Spot Grid,ETHUSDT,1.65,37406089,1,0.06598949973617,0.01182753948085,2025-10-01T00:00:00+00:00,2026-09-30T00:00:00+00:00,-0.05416196
7335166,Spot Grid,BTCUSDT,4.38,45998372,1,0.08593467098333,0.031765061984,2025-10-01T00:00:00+00:00,2026-09-30T00:00:00+00:00,-0.05416961
5947308,Spot Grid,BTCUSDT,8.84,58828021,1,0.13109645159,0.0760542467867,2025-10-01T00:00:00+00:00,2026-09-30T00:00:00+00:00,-0.0550422
3868268,Spot Grid,ETHUSDT,30.29,80203433,1,0.35525632954944,0.29839464470133,2025-10-01T00:00:00+00:00,2026-09-30T00:00:00+00:00,-0.05686168
6017272,Spot Grid,BTCUSDT,12.65,58501743,1,0.17284064551852,0.11537975279025,2025-10-01T00:00:00+00:00,2026-09-30T00:00:00+00:00,-0.05746089
6186923,Spot Grid,BTCUSDT,9.18,57716754,1,0.13802497958,0.0804408533626,2025-10-01T00:00:00+00:00,2026-09-30T00:00:00+00:00,-0.05758413
5797058,Spot Grid,ETHBTC,1.51,59542974,1,0.08144616220644,0.02344620425997,2025-10-01T00:00:00+00:00,2026-09-30T00:00:00+00:00,-0.05799996
8245808,Spot Grid,HUMAUSDT,10.39,36006256,1,0.0211115570297,-0.03722758608911,2025-10-01T00:00:00+00:00,2026-09-30T00:00:00+00:00,-0.05833914
5929143,Spot Grid,BTCUSDT,8.46,58906830,1,0.13234107889771,0.07354348012345,2025-10-01T00:00:00+00:00,2026-09-30T00:00:00+00:00,-0.0587976
7433772,Spot Grid,BTCUSDT,4.47,44873979,1,0.09215664574,0.0327565527348,2025-10-01T00:00:00+00:00,2026-09-30T00:00:00+00:00,-0.05940009
6327463,Spot Grid,BTCUSDT,6.94,57039556,1,0.1180829309,0.0578380887329,2025-10-01T00:00:00+00:00,2026-09-30T00:00:00+00:00,-0.06024484
7524692,Spot Grid,BTCUSDT,1.37,43995096,1,0.06183080924,0.0014961360762,2025-10-01T00:00:00+00:00,2026-09-30T00:00:00+00:00,-0.06033467
6173733,Spot Grid,BTCUSDT,9.24,57760068,1,0.14139192863077,0.08058637989827,2025-10-01T00:00:00+00:00,2026-09-30T00:00:00+00:00,-0.06080555
6158133,Spot Grid,BTCUSDT,11.51,57818677,1,0.16537292292,0.1039792419296,2025-10-01T00:00:00+00:00,2026-09-30T00:00:00+00:00,-0.06139368
7468280,Spot Grid,BTCUSDT,1.88,44397201,1,0.06846203373186,0.00694548514826,2025-10-01T00:00:00+00:00,2026-09-30T00:00:00+00:00,-0.06151655
7997783,Spot Grid,ETHUSDC,2.93,38325682,1,0.08678903435186,0.0246568197587,2025-10-01T00:00:00+00:00,2026-09-30T00:00:00+00:00,-0.06213221
7536465,Spot Grid,BTCUSDT,0.94,43916690,1,0.06117201892,-0.0028017136554,2025-10-01T00:00:00+00:00,2026-09-30T00:00:00+00:00,-0.06397373
8139938,Spot Grid,BNBUSDT,4.33,37133647,1,0.08880800616,0.02390772318,2025-10-01T00:00:00+00:00,2026-09-30T00:00:00+00:00,-0.06490028
7405419,Spot Grid,BTCUSDT,3.71,45270428,1,0.09388525040172,0.02629296159878,2025-10-01T00:00:00+00:00,2026-09-30T00:00:00+00:00,-0.06759229
7793540,Spot Grid,HUMAUSDT,11.51,40670277,1,0.0317159897,-0.03658640695,2025-10-01T00:00:00+00:00,2026-09-30T00:00:00+00:00,-0.0683024
5811661,Spot Grid,ETHUSDT,16.31,59473797,1,0.22768591831733,0.159297168598,2025-10-01T00:00:00+00:00,2026-09-30T00:00:00+00:00,-0.06838875
3824905,Spot Grid,ETHUSDT,35.93,80441240,1,0.4224506225081,0.35365627767366,2025-10-01T00:00:00+00:00,2026-09-30T00:00:00+00:00,-0.06879434
6630949,Spot Grid,BTCUSDT,2.46,54354134,1,0.08214551704545,0.01225399897455,2025-10-01T00:00:00+00:00,2026-09-30T00:00:00+00:00,-0.06989152
5989286,Spot Grid,BTCFDUSD,19.74,58662447,1,0.2534959856795,0.181635670361,2025-10-01T00:00:00+00:00,2026-09-30T00:00:00+00:00,-0.07186032
6855651,Spot Grid,ETHUSDT,5.94,52530539,1,0.12452083549347,0.05162074276344,2025-10-01T00:00:00+00:00,2026-09-30T00:00:00+00:00,-0.07290009
6840232,Spot Grid,BTCUSDT,1.64,52663917,1,0.080935041952,0.00713132080874,2025-10-01T00:00:00+00:00,2026-09-30T00:00:00+00:00,-0.07380372
6972907,Spot Grid,ETHUSDT,13.85,51093960,1,0.20563262384145,0.13165365249027,2025-10-01T00:00:00+00:00,2026-09-30T00:00:00+00:00,-0.07397897
3315852,Spot Grid,ETHUSDT,1.51,82017417,1,0.08440465505326,0.01019454255432,2025-10-01T00:00:00+00:00,2026-09-30T00:00:00+00:00,-0.07421011
6636333,Spot Grid,BTCUSDT,11.17,54287141,1,0.1727558519,0.0969876936185,2025-10-01T00:00:00+00:00,2026-09-30T00:00:00+00:00,-0.07576816
6705745,Spot Grid,BTCUSDT,5.88,53772109,1,0.12052889734386,0.04472396458151,2025-10-01T00:00:00+00:00,2026-09-30T00:00:00+00:00,-0.07580493
6379844,Spot Grid,BTCUSDT,1.38,56688178,1,0.08002503611111,0.0041137194666,2025-10-01T00:00:00+00:00,2026-09-30T00:00:00+00:00,-0.07591132
5979225,Spot Grid,BTCUSDT,5.11,58709644,1,0.11667631276,0.04051836897607,2025-10-01T00:00:00+00:00,2026-09-30T00:00:00+00:00,-0.07615794
7789140,Spot Grid,SOLUSDT,12.32,40743857,1,0.18695416473333,0.10883087423333,2025-10-01T00:00:00+00:00,2026-09-30T00:00:00+00:00,-0.07812329
6638321,Spot Grid,BTCUSDT,10.96,54268967,1,0.17301941765094,0.09430845327681,2025-10-01T00:00:00+00:00,2026-09-30T00:00:00+00:00,-0.07871096
7732079,Spot Grid,SOLUSDC,4.82,41582990,1,0.111187398848,0.032363558664,2025-10-01T00:00:00+00:00,2026-09-30T00:00:00+00:00,-0.07882384
6336764,Spot Grid,BTCUSDT,1.67,56986825,1,0.08702679241053,0.00708747785147,2025-10-01T00:00:00+00:00,2026-09-30T00:00:00+00:00,-0.07993931
6112526,Spot Grid,BTCUSDT,7.08,58011764,1,0.13898503966214,0.05875220921746,2025-10-01T00:00:00+00:00,2026-09-30T00:00:00+00:00,-0.08023283
8165177,Spot Grid,ETHBTC,2.54,36789298,1,0.11550512409928,0.03470143154524,2025-10-01T00:00:00+00:00,2026-09-30T00:00:00+00:00,-0.08080369
6364688,Spot Grid,BTCUSDT,7.99,56784424,1,0.1469740149,0.0658898424778,2025-10-01T00:00:00+00:00,2026-09-30T00:00:00+00:00,-0.08108417
6629302,Spot Grid,BTCUSDT,14.96,54371928,1,0.21408910559,0.1326938902802,2025-10-01T00:00:00+00:00,2026-09-30T00:00:00+00:00,-0.08139522
7953144,Spot Grid,SOLUSDC,3.26,38634292,1,0.098692621792,0.01722280844,2025-10-01T00:00:00+00:00,2026-09-30T00:00:00+00:00,-0.08146981
8179703,Spot Grid,ETHBTC,1.66,36573515,1,0.10884616283333,0.02581221333333,2025-10-01T00:00:00+00:00,2026-09-30T00:00:00+00:00,-0.08303395
8378363,Spot Grid,SOLETH,1.22,34440947,1,0.08503012444444,0.001738065,2025-10-01T00:00:00+00:00,2026-09-30T00:00:00+00:00,-0.08329206
6846755,Spot Grid,BTCUSDT,8.00,52600774,1,0.148165148875,0.06418775225875,2025-10-01T00:00:00+00:00,2026-09-30T00:00:00+00:00,-0.0839774
5975238,Spot Grid,ETHUSDT,3.57,58729820,1,0.1180194869876,0.0313003417308,2025-10-01T00:00:00+00:00,2026-09-30T00:00:00+00:00,-0.08671915
6012275,Spot Grid,ETHUSDT,14.93,58535292,1,0.23217896668,0.144691967584,2025-10-01T00:00:00+00:00,2026-09-30T00:00:00+00:00,-0.087487
6300000,Spot Grid,AAVEBTC,5.16,57189409,1,0.0979916234,0.0099883708,2025-10-01T00:00:00+00:00,2026-09-30T00:00:00+00:00,-0.08800325
5759523,Spot Grid,BTCUSDT,11.48,59670654,1,0.190746280965,0.1025854455938,2025-10-01T00:00:00+00:00,2026-09-30T00:00:00+00:00,-0.08816084
3969749,Spot Grid,ETHFDUSD,27.26,79695319,1,0.358922649296,0.2673086506016,2025-10-01T00:00:00+00:00,2026-09-30T00:00:00+00:00,-0.091614
7359524,Spot Grid,BTCUSDT,1.67,45750511,1,0.09883195157583,0.00600354544937,2025-10-01T00:00:00+00:00,2026-09-30T00:00:00+00:00,-0.09282841
7221761,Spot Grid,SOLUSDC,18.67,47699881,1,0.26628294332177,0.17324742188584,2025-10-01T00:00:00+00:00,2026-09-30T00:00:00+00:00,-0.09303552
7212434,Spot Grid,BTCUSDT,15.37,47877881,1,0.23287006117774,0.13753928602729,2025-10-01T00:00:00+00:00,2026-09-30T00:00:00+00:00,-0.09533078
7404890,Spot Grid,BTCBRL,0.19,45275572,1,0.08216442719,-0.01425763053,2025-10-01T00:00:00+00:00,2026-09-30T00:00:00+00:00,-0.09642206
4646407,Spot Grid,ETHUSDT,10.11,74220691,1,0.1947547533703,0.09672206192061,2025-10-01T00:00:00+00:00,2026-09-30T00:00:00+00:00,-0.09803269
7071681,Spot Grid,BTCUSDT,2.35,49903714,1,0.11118636194,0.0096684975677,2025-10-01T00:00:00+00:00,2026-09-30T00:00:00+00:00,-0.10151786
4543940,Spot Grid,SOLBTC,15.24,74908479,1,0.2527049558148,0.15106822384397,2025-10-01T00:00:00+00:00,2026-09-30T00:00:00+00:00,-0.10163673
6244960,Spot Grid,LINKUSDT,11.18,57465645,1,0.228868203,0.12711757188,2025-10-01T00:00:00+00:00,2026-09-30T00:00:00+00:00,-0.10175063
7183012,Spot Grid,BTCBRL,3.43,48298615,1,0.121159662712,0.018530443856,2025-10-01T00:00:00+00:00,2026-09-30T00:00:00+00:00,-0.10262922
6230915,Spot Grid,LINKUSDT,14.49,57528818,1,0.2638547505618,0.16061972674157,2025-10-01T00:00:00+00:00,2026-09-30T00:00:00+00:00,-0.10323502
6163689,Spot Grid,LINKUSDT,15.86,57800744,1,0.2779653875,0.1744280088,2025-10-01T00:00:00+00:00,2026-09-30T00:00:00+00:00,-0.10353738
7209818,Spot Grid,SOLUSDC,21.59,47926680,1,0.30247571939125,0.19860035600193,2025-10-01T00:00:00+00:00,2026-09-30T00:00:00+00:00,-0.10387536
6434484,Spot Grid,SOLUSDT,11.23,56273762,1,0.20348610101464,0.09932525906286,2025-10-01T00:00:00+00:00,2026-09-30T00:00:00+00:00,-0.10416084
6182642,Spot Grid,LINKUSDT,13.28,57729043,1,0.25302588210023,0.14868210534079,2025-10-01T00:00:00+00:00,2026-09-30T00:00:00+00:00,-0.10434378
6245402,Spot Grid,LINKUSDT,10.94,57464046,1,0.2293304473,0.12458739936,2025-10-01T00:00:00+00:00,2026-09-30T00:00:00+00:00,-0.10474305
6157073,Spot Grid,LINKUSDT,16.40,57822095,1,0.2846431336,0.17985344776,2025-10-01T00:00:00+00:00,2026-09-30T00:00:00+00:00,-0.10478969
7554407,Spot Grid,XRPUSDT,6.33,42563031,1,0.16277656942572,0.0573037628758,2025-10-01T00:00:00+00:00,2026-09-30T00:00:00+00:00,-0.10547281
6165090,Spot Grid,LINKUSDT,15.84,57796129,1,0.2801039441,0.17432973128,2025-10-01T00:00:00+00:00,2026-09-30T00:00:00+00:00,-0.10577421
5774358,Spot Grid,BTCUSDT,9.84,59616426,1,0.1904827292,0.084178987197,2025-10-01T00:00:00+00:00,2026-09-30T00:00:00+00:00,-0.10630374
6175179,Spot Grid,LINKUSDT,15.87,57754412,1,0.28262149506953,0.17460718690265,2025-10-01T00:00:00+00:00,2026-09-30T00:00:00+00:00,-0.10801431
6683656,Spot Grid,ETHUSDT,14.04,53910128,1,0.24308504046166,0.1347561057168,2025-10-01T00:00:00+00:00,2026-09-30T00:00:00+00:00,-0.10832893
6980653,Spot Grid,BTCUSDT,0.01,50999724,1,0.09898629844615,-0.01148829586169,2025-10-01T00:00:00+00:00,2026-09-30T00:00:00+00:00,-0.11047459
6487105,Spot Grid,BTCUSDT,4.27,55810882,1,0.14371377516,0.03211038535197,2025-10-01T00:00:00+00:00,2026-09-30T00:00:00+00:00,-0.11160339
5776016,Spot Grid,BTCUSDT,8.65,59613457,1,0.18716020949011,0.07489483715658,2025-10-01T00:00:00+00:00,2026-09-30T00:00:00+00:00,-0.11226537
7072190,Spot Grid,BTCUSDC,0.68,49896494,1,0.10949566352453,-0.00696457013187,2025-10-01T00:00:00+00:00,2026-09-30T00:00:00+00:00,-0.11646023
6128683,Spot Grid,XRPUSDT,19.33,57944446,1,0.30706394892335,0.18862537517104,2025-10-01T00:00:00+00:00,2026-09-30T00:00:00+00:00,-0.11843857
7073181,Spot Grid,SOLUSDT,11.10,49882914,1,0.21813994269924,0.0956887412427,2025-10-01T00:00:00+00:00,2026-09-30T00:00:00+00:00,-0.1224512
5912270,Spot Grid,BTCUSDT,10.15,58985113,1,0.21426194332,0.0869362158736,2025-10-01T00:00:00+00:00,2026-09-30T00:00:00+00:00,-0.12732573
7470067,Spot Grid,SOLUSDT,10.65,44388213,1,0.2210730555,0.09364296804,2025-10-01T00:00:00+00:00,2026-09-30T00:00:00+00:00,-0.12743009
7453725,Spot Grid,FETUSDT,3.11,44530367,1,0.11842011890909,-0.00969455036364,2025-10-01T00:00:00+00:00,2026-09-30T00:00:00+00:00,-0.12811467
5967159,Spot Grid,ETHUSDC,13.08,58756966,1,0.2539812940288,0.1251585480475,2025-10-01T00:00:00+00:00,2026-09-30T00:00:00+00:00,-0.12882275
6987249,Spot Grid,ETHUSDT,7.78,50942131,1,0.20349118959507,0.07296317041791,2025-10-01T00:00:00+00:00,2026-09-30T00:00:00+00:00,-0.13052802
6556095,Spot Grid,BTCUSDT,0.99,55141455,1,0.12829448540667,-0.00256637802047,2025-10-01T00:00:00+00:00,2026-09-30T00:00:00+00:00,-0.13086086
7015286,Spot Grid,BTCUSDT,1.54,50572555,1,0.13084070651,-0.0006381988034,2025-10-01T00:00:00+00:00,2026-09-30T00:00:00+00:00,-0.13147891
4662393,Spot Grid,ETHUSDT,9.47,74091554,1,0.22143045981567,0.0898364975639,2025-10-01T00:00:00+00:00,2026-09-30T00:00:00+00:00,-0.13159396
5986314,Spot Grid,BTCUSDT,5.90,58675455,1,0.1766700841064,0.04486089740881,2025-10-01T00:00:00+00:00,2026-09-30T00:00:00+00:00,-0.13180919
4656243,Spot Grid,ETHUSDT,6.63,74148584,1,0.19558319069218,0.06146074863109,2025-10-01T00:00:00+00:00,2026-09-30T00:00:00+00:00,-0.13412244
6189463,Spot Grid,BTCUSDC,1.11,57708383,1,0.1333263573067,-0.0051611277506,2025-10-01T00:00:00+00:00,2026-09-30T00:00:00+00:00,-0.13848749
6854790,Spot Grid,SOLUSDC,13.10,52535486,1,0.256072689784,0.1172385377955,2025-10-01T00:00:00+00:00,2026-09-30T00:00:00+00:00,-0.13883415
6847983,Spot Grid,BTCUSDT,3.65,52587857,1,0.1594785280929,0.01942588883868,2025-10-01T00:00:00+00:00,2026-09-30T00:00:00+00:00,-0.14005264
6000811,Spot Grid,BTCUSDT,0.12,58597491,1,0.12932775630667,-0.0114078513948,2025-10-01T00:00:00+00:00,2026-09-30T00:00:00+00:00,-0.14073561
6969164,Spot Grid,XRPUSDT,3.58,51150231,1,0.17306273725714,0.03115840330714,2025-10-01T00:00:00+00:00,2026-09-30T00:00:00+00:00,-0.14190433
5735038,Spot Grid,BTCUSDT,2.20,59757901,1,0.1535053755,0.00524048900871,2025-10-01T00:00:00+00:00,2026-09-30T00:00:00+00:00,-0.14826489
6073763,Spot Grid,ETHUSDT,4.60,58189783,1,0.191044802884,0.041107844298,2025-10-01T00:00:00+00:00,2026-09-30T00:00:00+00:00,-0.14993696
6958623,Spot Grid,BTCUSDT,3.98,50661488,1,0.17941606830294,0.02687959583057,2025-10-01T00:00:00+00:00,2026-09-30T00:00:00+00:00,-0.15253647
3510243,Spot Grid,ETHUSDT,13.11,81448851,1,0.28445849755342,0.12650346180411,2025-10-01T00:00:00+00:00,2026-09-30T00:00:00+00:00,-0.15795504
7241657,Spot Grid,SOLBTC,4.84,47415052,1,0.20589584243096,0.04696240111315,2025-10-01T00:00:00+00:00,2026-09-30T00:00:00+00:00,-0.15893344
5731630,Spot Grid,BTCUSDT,2.36,59769642,1,0.166573813525,0.0058429116623,2025-10-01T00:00:00+00:00,2026-09-30T00:00:00+00:00,-0.1607309
5788547,Spot Grid,BTCUSDT,1.01,59572005,1,0.15819940623029,-0.00287479334408,2025-10-01T00:00:00+00:00,2026-09-30T00:00:00+00:00,-0.1610742
7554992,Spot Grid,XRPUSDT,0.92,43720023,1,0.17656578698529,0.00427019377941,2025-10-01T00:00:00+00:00,2026-09-30T00:00:00+00:00,-0.17229559
7583587,Spot Grid,SOLUSDT,3.66,43383370,1,0.19725927218985,0.02383716537628,2025-10-01T00:00:00+00:00,2026-09-30T00:00:00+00:00,-0.17342211
5663252,Spot Grid,ETHUSDT,17.11,60131771,1,0.34058559313111,0.16495244112889,2025-10-01T00:00:00+00:00,2026-09-30T00:00:00+00:00,-0.17563315
5082904,Spot Grid,BTCFDUSD,23.12,68365651,1,0.38966985136356,0.21208005697289,2025-10-01T00:00:00+00:00,2026-09-30T00:00:00+00:00,-0.17758979
5193069,Spot Grid,SOLUSDT,21.30,66646927,1,0.38071521786,0.20077720424,2025-10-01T00:00:00+00:00,2026-09-30T00:00:00+00:00,-0.17993801
6875702,Spot Grid,ETHUSDT,13.33,52312218,1,0.3103421154914,0.1288045917948,2025-10-01T00:00:00+00:00,2026-09-30T00:00:00+00:00,-0.18153752
5726917,Spot Grid,BTCUSDT,9.55,59783860,1,0.264879381579,0.08236186407397,2025-10-01T00:00:00+00:00,2026-09-30T00:00:00+00:00,-0.18251752
5855095,Spot Grid,ETHEUR,4.97,59273902,1,0.228112186484,0.0388136689605,2025-10-01T00:00:00+00:00,2026-09-30T00:00:00+00:00,-0.18929852
6253329,Spot Grid,LINKUSDT,4.19,57429619,1,0.2604849031,0.06772757912,2025-10-01T00:00:00+00:00,2026-09-30T00:00:00+00:00,-0.19275732
7034982,Spot Grid,BTCUSDT,6.76,50327555,1,0.24716236799005,0.05365788608878,2025-10-01T00:00:00+00:00,2026-09-30T00:00:00+00:00,-0.19350448
6049080,Spot Grid,ETHUSDT,1.15,58315369,1,0.201801466245,0.0067329725525,2025-10-01T00:00:00+00:00,2026-09-30T00:00:00+00:00,-0.19506849
7045711,Spot Grid,SOLUSDC,6.27,50193983,1,0.257287475064,0.048588928351,2025-10-01T00:00:00+00:00,2026-09-30T00:00:00+00:00,-0.20869855
7236088,Spot Grid,LTCUSDC,8.02,47496270,1,0.23825765916051,0.02931126962404,2025-10-01T00:00:00+00:00,2026-09-30T00:00:00+00:00,-0.20894639
6622284,Spot Grid,SOLFDUSD,3.54,54464336,1,0.23132925532533,0.02076760592593,2025-10-01T00:00:00+00:00,2026-09-30T00:00:00+00:00,-0.21056165
3326101,Spot Grid,BTCUSDT,18.31,81990538,1,0.38018200059727,0.16330196543983,2025-10-01T00:00:00+00:00,2026-09-30T00:00:00+00:00,-0.21688004
6407561,Spot Grid,SOLUSDT,3.58,56481978,1,0.2493406459755,0.0237391052441,2025-10-01T00:00:00+00:00,2026-09-30T00:00:00+00:00,-0.22560154
6997558,Spot Grid,SOLUSDT,2.00,50805028,1,0.23647606073584,0.00750345168872,2025-10-01T00:00:00+00:00,2026-09-30T00:00:00+00:00,-0.22897261
6447301,Spot Grid,BTCUSDT,1.99,56155788,1,0.2333793627032,0.00411122659827,2025-10-01T00:00:00+00:00,2026-09-30T00:00:00+00:00,-0.22926814
3851260,Spot Grid,ETHUSDT,18.46,80310138,1,0.414031330256,0.177718187796,2025-10-01T00:00:00+00:00,2026-09-30T00:00:00+00:00,-0.23631314
7770331,Spot Grid,SOLUSDT,0.03,41067502,1,0.2294117023,-0.012012850555,2025-10-01T00:00:00+00:00,2026-09-30T00:00:00+00:00,-0.24142455
7271466,Spot Grid,DOGEUSDT,20.80,46941570,1,0.44838134459459,0.20687808777027,2025-10-01T00:00:00+00:00,2026-09-30T00:00:00+00:00,-0.24150326
4753391,Spot Grid,ETHUSDT,11.83,73359720,1,0.35825395909594,0.11106588829593,2025-10-01T00:00:00+00:00,2026-09-30T00:00:00+00:00,-0.24718807
5709599,Spot Grid,SOLUSDT,2.73,59861078,1,0.27184633566,0.01570662729,2025-10-01T00:00:00+00:00,2026-09-30T00:00:00+00:00,-0.25613971
3381268,Spot Grid,SOLUSDT,65.33,81794958,1,0.89835249489028,0.63928447509128,2025-10-01T00:00:00+00:00,2026-09-30T00:00:00+00:00,-0.25906802
4485659,Spot Grid,ETHUSDT,27.66,75425513,1,0.53236246261431,0.26848006916898,2025-10-01T00:00:00+00:00,2026-09-30T00:00:00+00:00,-0.26388239
7294716,Spot Grid,SOLUSDT,15.34,46630775,1,0.42187394456,0.13946044494,2025-10-01T00:00:00+00:00,2026-09-30T00:00:00+00:00,-0.2824135
7008099,Spot Grid,SOLUSDT,1.31,50661379,1,0.28943102146,-0.003201408893,2025-10-01T00:00:00+00:00,2026-09-30T00:00:00+00:00,-0.29263243
5543115,Spot Grid,SUIFDUSD,12.37,61641964,1,0.381332346835,0.076308982915,2025-10-01T00:00:00+00:00,2026-09-30T00:00:00+00:00,-0.30502336
3349580,Spot Grid,SOLUSDT,57.12,81915287,1,0.88469637984925,0.55626084598995,2025-10-01T00:00:00+00:00,2026-09-30T00:00:00+00:00,-0.32843553
5195255,Spot Grid,SOLUSDT,7.57,66626488,1,0.41567060939739,0.05751019382736,2025-10-01T00:00:00+00:00,2026-09-30T00:00:00+00:00,-0.35816042
6141173,Spot Grid,XRPFDUSD,0.36,57890449,1,0.42585952850107,-0.00305878121845,2025-10-01T00:00:00+00:00,2026-09-30T00:00:00+00:00,-0.42891831
7165784,Spot Grid,SOLUSDC,0.20,48549531,1,0.41940297635152,-0.01456196598939,2025-10-01T00:00:00+00:00,2026-09-30T00:00:00+00:00,-0.43396494
6050254,Spot Grid,XRPUSDT,1.73,58308280,1,0.542958742252,0.011289706788,2025-10-01T00:00:00+00:00,2026-09-30T00:00:00+00:00,-0.53166904
8903242,StrategyType 3,ETHUSD_PERP,2.55,45745448,1.0,,,,,
