snapshot_utc,category,sort,pair,meta,pnl_usd,roi_pct,runtime,runtime_days,min_investment,trades_24h,trades_total,mdd7d_pct,roi_per_day,roi_mdd,recent_score,maturity,risk_class
2026-10-04T12:27:07.653953+00:00,Spot Grid,Most Matched,PUMPUSDT,"2
Copy",6134.73,6.88,1d 10h 36m,1.42,710.531574,34,46,2.23,4.8451,3.0852,3.0852,Emerging,Candidate
2026-10-04T12:27:07.653972+00:00,Spot Grid,Most Matched,QNTUSDT,"4
Copy",3396.87,4.24,1d 16h 16m,1.67,1909.99,454,945,3.23,2.5389,1.3127,1.3127,Emerging,Candidate
2026-10-04T12:27:07.653977+00:00,Spot Grid,Most Matched,SOLUSDT,"Trailing Up
78
Copy",2657.54,1.06,5d 21h 31m,5.88,305.69,3,135,0.65,0.1803,1.6308,1.6308,Emerging,Candidate
2026-10-04T12:27:07.653982+00:00,Spot Grid,Most Matched,AAVEUSDT,"42
Copy",2140.99,6.87,3d 9h 3m,3.38,263.66,2,16,2.72,2.0325,2.5257,2.5257,Emerging,Candidate
2026-10-04T12:27:07.653986+00:00,Spot Grid,Most Matched,BTCFDUSD,"6
Copy",1833.57,2.62,6d 7h 19m,6.29,208.03,68,254,0.91,0.4165,2.8791,2.8791,Emerging,Candidate
2026-10-04T12:27:07.653991+00:00,Spot Grid,Most Matched,BTCFDUSD,"0
Copy",1313.38,1.04,3d 49m,3.0,386.05,31,62,1.11,0.3467,0.9369,0.9369,Emerging,Candidate
2026-10-04T12:27:07.653995+00:00,Spot Grid,Most Matched,RUNEUSDT,"5
Copy",1116.13,3.93,4d 16h 24m,4.67,415.698,22,134,7.34,0.8415,0.5354,0.5354,Emerging,Candidate
2026-10-04T12:27:07.653999+00:00,Spot Grid,Most Matched,SUIUSDT,"Trailing Up
66
Copy",928.88,4.64,4d 13h 17m,4.54,91.4737,8,134,3.03,1.022,1.5314,1.5314,Emerging,Candidate
2026-10-04T12:27:07.654003+00:00,Spot Grid,Most Matched,AXSUSDT,"0
Copy",685.75,8.16,1d 1h 55m,1.04,667.119,54,55,2.1,7.8462,3.8857,3.8857,Emerging,Candidate
2026-10-04T12:27:07.654008+00:00,Futures Grid,Most Matched,ZECUSDT,"Short 10x
419",49261.11,29.2,6d 1h 20m,6.04,126.59,13,159,10.89,4.8344,2.6814,2.6814,Emerging,Candidate
2026-10-04T12:27:07.654012+00:00,Futures Grid,Most Matched,BTCUSDC,"Neutral 10x
3",6056.76,0.6,4d 9h 53m,4.38,10010.0,78,2388,1.07,0.137,0.5607,0.5607,Emerging,Candidate
2026-10-04T12:27:07.654016+00:00,Futures Grid,Most Matched,QNTUSDT,"Long 5x
Trailing Up
133",5027.42,61.31,6d 11h 2m,6.46,536.75,15,626,50.7,9.4907,1.2093,1.2093,Emerging,Reject
2026-10-04T12:27:07.654020+00:00,Futures Grid,Most Matched,XRPUSDT,"Neutral 5x
22",3573.48,1.78,4d 8h 21m,4.33,1555.29,469,8493,0.17,0.4111,10.4706,10.4706,Emerging,Candidate
2026-10-04T12:27:07.654024+00:00,Futures Grid,Most Matched,SPCXUSDT,"Long 5x
6",2920.78,9.73,3d 7h 14m,3.29,272.41,4,411,7.45,2.9574,1.306,1.306,Emerging,Candidate
2026-10-04T12:27:07.654028+00:00,Futures Grid,Most Matched,BTCUSDC,"Neutral 10x
0",2734.72,0.54,3d 19h 34m,3.79,10322.9,103,2310,0.94,0.1425,0.5745,0.5745,Emerging,Candidate
2026-10-04T12:27:07.654033+00:00,Futures Grid,Most Matched,SOLUSDT,"Neutral 5x
12",2475.7,1.23,6d 3h 52m,6.12,1805.18,187,5074,0.29,0.201,4.2414,4.2414,Emerging,Candidate
2026-10-04T12:27:07.654037+00:00,Futures Grid,Most Matched,MONUSDT,"Long 10x
4",1891.89,18.91,6d 2h 43m,6.08,662.36,32,355,12.54,3.1102,1.508,1.508,Emerging,Candidate
2026-10-04T12:27:07.654041+00:00,Futures Grid,Most Matched,QNTUSDT,"Short 10x
1",1573.58,12.58,5d 18h 12m,5.75,6816.89,1304,27826,19.03,2.1878,0.6611,0.6611,Emerging,Candidate
2026-10-04T12:34:09.238173+00:00,Spot Grid,Most Matched,ZECUSDT,"Short 10x
419",49261.11,29.2,6d 1h 20m,6.04,126.67,13,159,10.89,4.8344,2.6814,2.6814,Emerging,Candidate
2026-10-04T12:34:09.238192+00:00,Spot Grid,Most Matched,BTCUSDC,"Neutral 10x
3",6056.76,0.6,4d 9h 53m,4.38,10010.0,78,2388,1.07,0.137,0.5607,0.5607,Emerging,Candidate
2026-10-04T12:34:09.238196+00:00,Spot Grid,Most Matched,QNTUSDT,"Long 5x
Trailing Up
133",5027.42,61.31,6d 11h 2m,6.46,536.75,15,626,50.7,9.4907,1.2093,1.2093,Emerging,Reject
2026-10-04T12:34:09.238199+00:00,Spot Grid,Most Matched,XRPUSDT,"Neutral 5x
22",3573.48,1.78,4d 8h 21m,4.33,1555.29,469,8493,0.17,0.4111,10.4706,10.4706,Emerging,Candidate
2026-10-04T12:34:09.238201+00:00,Spot Grid,Most Matched,SPCXUSDT,"Long 5x
6",2920.78,9.73,3d 7h 14m,3.29,272.35,4,411,7.45,2.9574,1.306,1.306,Emerging,Candidate
2026-10-04T12:34:09.238203+00:00,Spot Grid,Most Matched,BTCUSDC,"Neutral 10x
0",2734.72,0.54,3d 19h 34m,3.79,10322.9,103,2310,0.94,0.1425,0.5745,0.5745,Emerging,Candidate
2026-10-04T12:34:09.238206+00:00,Spot Grid,Most Matched,SOLUSDT,"Neutral 5x
12",2475.7,1.23,6d 3h 52m,6.12,1805.18,187,5074,0.29,0.201,4.2414,4.2414,Emerging,Candidate
2026-10-04T12:34:09.238209+00:00,Spot Grid,Most Matched,MONUSDT,"Long 10x
4",1891.89,18.91,6d 2h 43m,6.08,664.64,32,355,12.54,3.1102,1.508,1.508,Emerging,Candidate
2026-10-04T12:34:09.238212+00:00,Spot Grid,Most Matched,QNTUSDT,"Short 10x
1",1573.58,12.58,5d 18h 12m,5.75,6817.0,1304,27826,19.03,2.1878,0.6611,0.6611,Emerging,Candidate
2026-10-04T12:34:09.238219+00:00,Futures Grid,Most Matched,ZECUSDT,"Short 10x
419",49261.11,29.2,6d 1h 20m,6.04,126.58,13,159,10.89,4.8344,2.6814,2.6814,Emerging,Candidate
2026-10-04T12:34:09.238223+00:00,Futures Grid,Most Matched,BTCUSDC,"Neutral 10x
3",6056.76,0.6,4d 9h 53m,4.38,10010.0,78,2388,1.07,0.137,0.5607,0.5607,Emerging,Candidate
2026-10-04T12:34:09.238227+00:00,Futures Grid,Most Matched,QNTUSDT,"Long 5x
Trailing Up
133",5027.42,61.31,6d 11h 2m,6.46,536.75,15,626,50.7,9.4907,1.2093,1.2093,Emerging,Reject
2026-10-04T12:34:09.238231+00:00,Futures Grid,Most Matched,XRPUSDT,"Neutral 5x
22",3573.48,1.78,4d 8h 21m,4.33,1555.29,469,8493,0.17,0.4111,10.4706,10.4706,Emerging,Candidate
2026-10-04T12:34:09.238234+00:00,Futures Grid,Most Matched,SPCXUSDT,"Long 5x
6",2920.78,9.73,3d 7h 14m,3.29,272.37,4,411,7.45,2.9574,1.306,1.306,Emerging,Candidate
2026-10-04T12:34:09.238237+00:00,Futures Grid,Most Matched,BTCUSDC,"Neutral 10x
0",2734.72,0.54,3d 19h 34m,3.79,10322.9,103,2310,0.94,0.1425,0.5745,0.5745,Emerging,Candidate
2026-10-04T12:34:09.238241+00:00,Futures Grid,Most Matched,SOLUSDT,"Neutral 5x
12",2475.7,1.23,6d 3h 52m,6.12,1805.18,187,5074,0.29,0.201,4.2414,4.2414,Emerging,Candidate
2026-10-04T12:34:09.238244+00:00,Futures Grid,Most Matched,MONUSDT,"Long 10x
4",1891.89,18.91,6d 2h 43m,6.08,663.96,32,355,12.54,3.1102,1.508,1.508,Emerging,Candidate
2026-10-04T12:34:09.238247+00:00,Futures Grid,Most Matched,QNTUSDT,"Short 10x
1",1573.58,12.58,5d 18h 12m,5.75,6804.36,1304,27826,19.03,2.1878,0.6611,0.6611,Emerging,Candidate
2026-10-04T12:34:09.238249+00:00,Futures DCA,Most Matched,ZECUSDT,"Short 10x
419",49261.11,29.2,6d 1h 20m,6.04,126.29,13,159,10.89,4.8344,2.6814,2.6814,Emerging,Candidate
2026-10-04T12:34:09.238252+00:00,Futures DCA,Most Matched,BTCUSDC,"Neutral 10x
3",6056.76,0.6,4d 9h 53m,4.38,10010.0,78,2388,1.07,0.137,0.5607,0.5607,Emerging,Candidate
2026-10-04T12:34:09.238254+00:00,Futures DCA,Most Matched,QNTUSDT,"Long 5x
Trailing Up
133",5027.42,61.31,6d 11h 2m,6.46,536.75,15,626,50.7,9.4907,1.2093,1.2093,Emerging,Reject
2026-10-04T12:34:09.238256+00:00,Futures DCA,Most Matched,XRPUSDT,"Neutral 5x
22",3573.48,1.78,4d 8h 21m,4.33,1555.29,469,8493,0.17,0.4111,10.4706,10.4706,Emerging,Candidate
2026-10-04T12:34:09.238258+00:00,Futures DCA,Most Matched,SPCXUSDT,"Long 5x
6",2920.78,9.73,3d 7h 14m,3.29,272.37,4,411,7.45,2.9574,1.306,1.306,Emerging,Candidate
2026-10-04T12:34:09.238261+00:00,Futures DCA,Most Matched,BTCUSDC,"Neutral 10x
0",2734.72,0.54,3d 19h 34m,3.79,10322.9,103,2310,0.94,0.1425,0.5745,0.5745,Emerging,Candidate
2026-10-04T12:34:09.238263+00:00,Futures DCA,Most Matched,SOLUSDT,"Neutral 5x
12",2475.7,1.23,6d 3h 52m,6.12,1805.18,187,5074,0.29,0.201,4.2414,4.2414,Emerging,Candidate
2026-10-04T12:34:09.238265+00:00,Futures DCA,Most Matched,MONUSDT,"Long 10x
4",1891.89,18.91,6d 2h 43m,6.08,664.92,32,355,12.54,3.1102,1.508,1.508,Emerging,Candidate
2026-10-04T12:34:09.238268+00:00,Futures DCA,Most Matched,QNTUSDT,"Short 10x
1",1573.58,12.58,5d 18h 12m,5.75,6804.63,1304,27826,19.03,2.1878,0.6611,0.6611,Emerging,Candidate
2026-10-04T12:34:09.238270+00:00,Arbitrage,Next Available,ZECUSDT,"Short 10x
419",49261.11,29.2,6d 1h 20m,6.04,126.52,13,159,10.89,4.8344,2.6814,2.6814,Emerging,Candidate
2026-10-04T12:34:09.238272+00:00,Arbitrage,Next Available,BTCUSDC,"Neutral 10x
3",6056.76,0.6,4d 9h 53m,4.38,10010.0,78,2388,1.07,0.137,0.5607,0.5607,Emerging,Candidate
2026-10-04T12:34:09.238274+00:00,Arbitrage,Next Available,QNTUSDT,"Long 5x
Trailing Up
133",5027.42,61.31,6d 11h 2m,6.46,536.75,15,626,50.7,9.4907,1.2093,1.2093,Emerging,Reject
2026-10-04T12:34:09.238277+00:00,Arbitrage,Next Available,XRPUSDT,"Neutral 5x
22",3573.48,1.78,4d 8h 21m,4.33,1555.29,469,8493,0.17,0.4111,10.4706,10.4706,Emerging,Candidate
2026-10-04T12:34:09.238279+00:00,Arbitrage,Next Available,SPCXUSDT,"Long 5x
6",2920.78,9.73,3d 7h 14m,3.29,272.35,4,411,7.45,2.9574,1.306,1.306,Emerging,Candidate
2026-10-04T12:34:09.238281+00:00,Arbitrage,Next Available,BTCUSDC,"Neutral 10x
0",2734.72,0.54,3d 19h 34m,3.79,10322.9,103,2310,0.94,0.1425,0.5745,0.5745,Emerging,Candidate
2026-10-04T12:34:09.238283+00:00,Arbitrage,Next Available,SOLUSDT,"Neutral 5x
12",2475.7,1.23,6d 3h 52m,6.12,1805.18,187,5074,0.29,0.201,4.2414,4.2414,Emerging,Candidate
2026-10-04T12:34:09.238286+00:00,Arbitrage,Next Available,MONUSDT,"Long 10x
4",1891.89,18.91,6d 2h 43m,6.08,663.78,32,355,12.54,3.1102,1.508,1.508,Emerging,Candidate
2026-10-04T12:34:09.238288+00:00,Arbitrage,Next Available,QNTUSDT,"Short 10x
1",1573.58,12.58,5d 18h 12m,5.75,6795.04,1304,27826,19.03,2.1878,0.6611,0.6611,Emerging,Candidate
2026-10-04T12:36:50.332016+00:00,Spot Grid,Top PNL,ZECUSDT,"Short 10x
419",49261.11,29.2,6d 1h 20m,6.04,126.58,13,159,10.89,4.8344,2.6814,2.6814,Emerging,Candidate
2026-10-04T12:36:50.332034+00:00,Spot Grid,Top PNL,BTCUSDC,"Neutral 10x
3",6056.76,0.6,4d 9h 53m,4.38,10010.0,78,2388,1.07,0.137,0.5607,0.5607,Emerging,Candidate
2026-10-04T12:36:50.332038+00:00,Spot Grid,Top PNL,QNTUSDT,"Long 5x
Trailing Up
133",5027.42,61.31,6d 11h 2m,6.46,536.75,15,626,50.7,9.4907,1.2093,1.2093,Emerging,Reject
2026-10-04T12:36:50.332040+00:00,Spot Grid,Top PNL,XRPUSDT,"Neutral 5x
22",3573.48,1.78,4d 8h 21m,4.33,1555.29,469,8493,0.17,0.4111,10.4706,10.4706,Emerging,Candidate
2026-10-04T12:36:50.332043+00:00,Spot Grid,Top PNL,SPCXUSDT,"Long 5x
6",2920.78,9.73,3d 7h 14m,3.29,272.35,4,411,7.45,2.9574,1.306,1.306,Emerging,Candidate
2026-10-04T12:36:50.332045+00:00,Spot Grid,Top PNL,BTCUSDC,"Neutral 10x
0",2734.72,0.54,3d 19h 34m,3.79,10322.9,103,2310,0.94,0.1425,0.5745,0.5745,Emerging,Candidate
2026-10-04T12:36:50.332047+00:00,Spot Grid,Top PNL,SOLUSDT,"Neutral 5x
12",2475.7,1.23,6d 3h 52m,6.12,1805.18,187,5074,0.29,0.201,4.2414,4.2414,Emerging,Candidate
2026-10-04T12:36:50.332049+00:00,Spot Grid,Top PNL,MONUSDT,"Long 10x
4",1891.89,18.91,6d 2h 43m,6.08,662.19,32,355,12.54,3.1102,1.508,1.508,Emerging,Candidate
2026-10-04T12:36:50.332051+00:00,Spot Grid,Top PNL,QNTUSDT,"Short 10x
1",1573.58,12.58,5d 18h 12m,5.75,6815.57,1304,27826,19.03,2.1878,0.6611,0.6611,Emerging,Candidate
2026-10-04T12:36:50.332053+00:00,Spot Grid,Top ROI,ZECUSDT,"Short 10x
419",49261.11,29.2,6d 1h 20m,6.04,126.58,13,159,10.89,4.8344,2.6814,2.6814,Emerging,Candidate
2026-10-04T12:36:50.332055+00:00,Spot Grid,Top ROI,BTCUSDC,"Neutral 10x
3",6056.76,0.6,4d 9h 53m,4.38,10010.0,78,2388,1.07,0.137,0.5607,0.5607,Emerging,Candidate
2026-10-04T12:36:50.332058+00:00,Spot Grid,Top ROI,QNTUSDT,"Long 5x
Trailing Up
133",5027.42,61.31,6d 11h 2m,6.46,536.75,15,626,50.7,9.4907,1.2093,1.2093,Emerging,Reject
2026-10-04T12:36:50.332060+00:00,Spot Grid,Top ROI,XRPUSDT,"Neutral 5x
22",3573.48,1.78,4d 8h 21m,4.33,1555.29,469,8493,0.17,0.4111,10.4706,10.4706,Emerging,Candidate
2026-10-04T12:36:50.332061+00:00,Spot Grid,Top ROI,SPCXUSDT,"Long 5x
6",2920.78,9.73,3d 7h 14m,3.29,272.35,4,411,7.45,2.9574,1.306,1.306,Emerging,Candidate
2026-10-04T12:36:50.332063+00:00,Spot Grid,Top ROI,BTCUSDC,"Neutral 10x
0",2734.72,0.54,3d 19h 34m,3.79,10322.9,103,2310,0.94,0.1425,0.5745,0.5745,Emerging,Candidate
2026-10-04T12:36:50.332065+00:00,Spot Grid,Top ROI,SOLUSDT,"Neutral 5x
12",2475.7,1.23,6d 3h 52m,6.12,1805.18,187,5074,0.29,0.201,4.2414,4.2414,Emerging,Candidate
2026-10-04T12:36:50.332067+00:00,Spot Grid,Top ROI,MONUSDT,"Long 10x
4",1891.89,18.91,6d 2h 43m,6.08,662.07,32,355,12.54,3.1102,1.508,1.508,Emerging,Candidate
2026-10-04T12:36:50.332069+00:00,Spot Grid,Top ROI,QNTUSDT,"Short 10x
1",1573.58,12.58,5d 18h 12m,5.75,6816.15,1304,27826,19.03,2.1878,0.6611,0.6611,Emerging,Candidate
2026-10-04T12:36:50.332072+00:00,Spot Grid,Most Copied,ZECUSDT,"Short 10x
419",49261.11,29.2,6d 1h 20m,6.04,126.57,13,159,10.89,4.8344,2.6814,2.6814,Emerging,Candidate
2026-10-04T12:36:50.332074+00:00,Spot Grid,Most Copied,BTCUSDC,"Neutral 10x
3",6056.76,0.6,4d 9h 53m,4.38,10010.0,78,2388,1.07,0.137,0.5607,0.5607,Emerging,Candidate
2026-10-04T12:36:50.332076+00:00,Spot Grid,Most Copied,QNTUSDT,"Long 5x
Trailing Up
133",5027.42,61.31,6d 11h 2m,6.46,536.75,15,626,50.7,9.4907,1.2093,1.2093,Emerging,Reject
2026-10-04T12:36:50.332078+00:00,Spot Grid,Most Copied,XRPUSDT,"Neutral 5x
22",3573.48,1.78,4d 8h 21m,4.33,1555.29,469,8493,0.17,0.4111,10.4706,10.4706,Emerging,Candidate
2026-10-04T12:36:50.332080+00:00,Spot Grid,Most Copied,SPCXUSDT,"Long 5x
6",2920.78,9.73,3d 7h 14m,3.29,272.35,4,411,7.45,2.9574,1.306,1.306,Emerging,Candidate
2026-10-04T12:36:50.332081+00:00,Spot Grid,Most Copied,BTCUSDC,"Neutral 10x
0",2734.72,0.54,3d 19h 34m,3.79,10322.9,103,2310,0.94,0.1425,0.5745,0.5745,Emerging,Candidate
2026-10-04T12:36:50.332083+00:00,Spot Grid,Most Copied,SOLUSDT,"Neutral 5x
12",2475.7,1.23,6d 3h 52m,6.12,1805.18,187,5074,0.29,0.201,4.2414,4.2414,Emerging,Candidate
2026-10-04T12:36:50.332085+00:00,Spot Grid,Most Copied,MONUSDT,"Long 10x
4",1891.89,18.91,6d 2h 43m,6.08,661.95,32,355,12.54,3.1102,1.508,1.508,Emerging,Candidate
2026-10-04T12:36:50.332087+00:00,Spot Grid,Most Copied,QNTUSDT,"Short 10x
1",1573.58,12.58,5d 18h 12m,5.75,6814.69,1304,27826,19.03,2.1878,0.6611,0.6611,Emerging,Candidate
2026-10-04T12:36:50.332089+00:00,Spot Grid,Most Matched,ZECUSDT,"Short 10x
419",49261.11,29.2,6d 1h 20m,6.04,126.68,13,159,10.89,4.8344,2.6814,2.6814,Emerging,Candidate
2026-10-04T12:36:50.332090+00:00,Spot Grid,Most Matched,BTCUSDC,"Neutral 10x
3",6056.76,0.6,4d 9h 53m,4.38,10010.0,78,2388,1.07,0.137,0.5607,0.5607,Emerging,Candidate
2026-10-04T12:36:50.332092+00:00,Spot Grid,Most Matched,QNTUSDT,"Long 5x
Trailing Up
133",5027.42,61.31,6d 11h 2m,6.46,536.75,15,626,50.7,9.4907,1.2093,1.2093,Emerging,Reject
2026-10-04T12:36:50.332094+00:00,Spot Grid,Most Matched,XRPUSDT,"Neutral 5x
22",3573.48,1.78,4d 8h 21m,4.33,1555.29,469,8493,0.17,0.4111,10.4706,10.4706,Emerging,Candidate
2026-10-04T12:36:50.332096+00:00,Spot Grid,Most Matched,SPCXUSDT,"Long 5x
6",2920.78,9.73,3d 7h 14m,3.29,272.37,4,411,7.45,2.9574,1.306,1.306,Emerging,Candidate
2026-10-04T12:36:50.332097+00:00,Spot Grid,Most Matched,BTCUSDC,"Neutral 10x
0",2734.72,0.54,3d 19h 34m,3.79,10322.9,103,2310,0.94,0.1425,0.5745,0.5745,Emerging,Candidate
2026-10-04T12:36:50.332099+00:00,Spot Grid,Most Matched,SOLUSDT,"Neutral 5x
12",2475.7,1.23,6d 3h 52m,6.12,1805.18,187,5074,0.29,0.201,4.2414,4.2414,Emerging,Candidate
2026-10-04T12:36:50.332122+00:00,Spot Grid,Most Matched,MONUSDT,"Long 10x
4",1891.89,18.91,6d 2h 43m,6.08,661.95,32,355,12.54,3.1102,1.508,1.508,Emerging,Candidate
2026-10-04T12:36:50.332132+00:00,Spot Grid,Most Matched,QNTUSDT,"Short 10x
1",1573.58,12.58,5d 18h 12m,5.75,6815.31,1304,27826,19.03,2.1878,0.6611,0.6611,Emerging,Candidate
2026-10-04T12:36:50.332136+00:00,Futures Grid,Top PNL,ZECUSDT,"Short 10x
419",49261.11,29.2,6d 1h 20m,6.04,126.66,13,159,10.89,4.8344,2.6814,2.6814,Emerging,Candidate
2026-10-04T12:36:50.332139+00:00,Futures Grid,Top PNL,BTCUSDC,"Neutral 10x
3",6056.76,0.6,4d 9h 53m,4.38,10010.0,78,2388,1.07,0.137,0.5607,0.5607,Emerging,Candidate
2026-10-04T12:36:50.332142+00:00,Futures Grid,Top PNL,QNTUSDT,"Long 5x
Trailing Up
133",5027.42,61.31,6d 11h 2m,6.46,536.75,15,626,50.7,9.4907,1.2093,1.2093,Emerging,Reject
2026-10-04T12:36:50.332144+00:00,Futures Grid,Top PNL,XRPUSDT,"Neutral 5x
22",3573.48,1.78,4d 8h 21m,4.33,1555.29,469,8493,0.17,0.4111,10.4706,10.4706,Emerging,Candidate
2026-10-04T12:36:50.332148+00:00,Futures Grid,Top PNL,SPCXUSDT,"Long 5x
6",2920.78,9.73,3d 7h 14m,3.29,272.37,4,411,7.45,2.9574,1.306,1.306,Emerging,Candidate
2026-10-04T12:36:50.332150+00:00,Futures Grid,Top PNL,BTCUSDC,"Neutral 10x
0",2734.72,0.54,3d 19h 34m,3.79,10322.9,103,2310,0.94,0.1425,0.5745,0.5745,Emerging,Candidate
2026-10-04T12:36:50.332153+00:00,Futures Grid,Top PNL,SOLUSDT,"Neutral 5x
12",2475.7,1.23,6d 3h 52m,6.12,1805.18,187,5074,0.29,0.201,4.2414,4.2414,Emerging,Candidate
2026-10-04T12:36:50.332155+00:00,Futures Grid,Top PNL,MONUSDT,"Long 10x
4",1891.89,18.91,6d 2h 43m,6.08,661.07,32,355,12.54,3.1102,1.508,1.508,Emerging,Candidate
2026-10-04T12:36:50.332157+00:00,Futures Grid,Top PNL,QNTUSDT,"Short 10x
1",1573.58,12.58,5d 18h 12m,5.75,6799.5,1304,27826,19.03,2.1878,0.6611,0.6611,Emerging,Candidate
2026-10-04T12:36:50.332159+00:00,Futures Grid,Top ROI,ZECUSDT,"Short 10x
419",49261.11,29.2,6d 1h 20m,6.04,126.66,13,159,10.89,4.8344,2.6814,2.6814,Emerging,Candidate
2026-10-04T12:36:50.332161+00:00,Futures Grid,Top ROI,BTCUSDC,"Neutral 10x
3",6056.76,0.6,4d 9h 53m,4.38,10010.0,78,2388,1.07,0.137,0.5607,0.5607,Emerging,Candidate
2026-10-04T12:36:50.332162+00:00,Futures Grid,Top ROI,QNTUSDT,"Long 5x
Trailing Up
133",5027.42,61.31,6d 11h 2m,6.46,536.75,15,626,50.7,9.4907,1.2093,1.2093,Emerging,Reject
2026-10-04T12:36:50.332165+00:00,Futures Grid,Top ROI,XRPUSDT,"Neutral 5x
22",3573.48,1.78,4d 8h 21m,4.33,1555.29,469,8493,0.17,0.4111,10.4706,10.4706,Emerging,Candidate
2026-10-04T12:36:50.332167+00:00,Futures Grid,Top ROI,SPCXUSDT,"Long 5x
6",2920.78,9.73,3d 7h 14m,3.29,272.37,4,411,7.45,2.9574,1.306,1.306,Emerging,Candidate
2026-10-04T12:36:50.332169+00:00,Futures Grid,Top ROI,BTCUSDC,"Neutral 10x
0",2734.72,0.54,3d 19h 34m,3.79,10322.9,103,2310,0.94,0.1425,0.5745,0.5745,Emerging,Candidate
2026-10-04T12:36:50.332171+00:00,Futures Grid,Top ROI,SOLUSDT,"Neutral 5x
12",2475.7,1.23,6d 3h 52m,6.12,1805.18,187,5074,0.29,0.201,4.2414,4.2414,Emerging,Candidate
2026-10-04T12:36:50.332173+00:00,Futures Grid,Top ROI,MONUSDT,"Long 10x
4",1891.89,18.91,6d 2h 43m,6.08,660.87,32,355,12.54,3.1102,1.508,1.508,Emerging,Candidate
2026-10-04T12:36:50.332175+00:00,Futures Grid,Top ROI,QNTUSDT,"Short 10x
1",1573.58,12.58,5d 18h 12m,5.75,6787.2,1304,27826,19.03,2.1878,0.6611,0.6611,Emerging,Candidate
2026-10-04T12:36:50.332177+00:00,Futures Grid,Most Copied,ZECUSDT,"Short 10x
419",49261.11,29.2,6d 1h 20m,6.04,126.66,13,159,10.89,4.8344,2.6814,2.6814,Emerging,Candidate
2026-10-04T12:36:50.332179+00:00,Futures Grid,Most Copied,BTCUSDC,"Neutral 10x
3",6056.76,0.6,4d 9h 53m,4.38,10010.0,78,2388,1.07,0.137,0.5607,0.5607,Emerging,Candidate
2026-10-04T12:36:50.332181+00:00,Futures Grid,Most Copied,QNTUSDT,"Long 5x
Trailing Up
133",5027.42,61.31,6d 11h 2m,6.46,536.75,15,626,50.7,9.4907,1.2093,1.2093,Emerging,Reject
2026-10-04T12:36:50.332183+00:00,Futures Grid,Most Copied,XRPUSDT,"Neutral 5x
22",3573.48,1.78,4d 8h 21m,4.33,1555.29,469,8493,0.17,0.4111,10.4706,10.4706,Emerging,Candidate
2026-10-04T12:36:50.332185+00:00,Futures Grid,Most Copied,SPCXUSDT,"Long 5x
6",2920.78,9.73,3d 7h 14m,3.29,272.37,4,411,7.45,2.9574,1.306,1.306,Emerging,Candidate
2026-10-04T12:36:50.332187+00:00,Futures Grid,Most Copied,BTCUSDC,"Neutral 10x
0",2734.72,0.54,3d 19h 34m,3.79,10322.9,103,2310,0.94,0.1425,0.5745,0.5745,Emerging,Candidate
2026-10-04T12:36:50.332188+00:00,Futures Grid,Most Copied,SOLUSDT,"Neutral 5x
12",2475.7,1.23,6d 3h 52m,6.12,1805.18,187,5074,0.29,0.201,4.2414,4.2414,Emerging,Candidate
2026-10-04T12:36:50.332190+00:00,Futures Grid,Most Copied,MONUSDT,"Long 10x
4",1891.89,18.91,6d 2h 43m,6.08,660.87,32,355,12.54,3.1102,1.508,1.508,Emerging,Candidate
2026-10-04T12:36:50.332192+00:00,Futures Grid,Most Copied,QNTUSDT,"Short 10x
1",1573.58,12.58,5d 18h 12m,5.75,6787.2,1304,27826,19.03,2.1878,0.6611,0.6611,Emerging,Candidate
2026-10-04T12:36:50.332194+00:00,Futures Grid,Most Matched,ZECUSDT,"Short 10x
419",49261.11,29.2,6d 1h 20m,6.04,126.71,13,159,10.89,4.8344,2.6814,2.6814,Emerging,Candidate
2026-10-04T12:36:50.332196+00:00,Futures Grid,Most Matched,BTCUSDC,"Neutral 10x
3",6056.76,0.6,4d 9h 53m,4.38,10010.0,78,2388,1.07,0.137,0.5607,0.5607,Emerging,Candidate
2026-10-04T12:36:50.332198+00:00,Futures Grid,Most Matched,QNTUSDT,"Long 5x
Trailing Up
133",5027.42,61.31,6d 11h 2m,6.46,536.75,15,626,50.7,9.4907,1.2093,1.2093,Emerging,Reject
2026-10-04T12:36:50.332200+00:00,Futures Grid,Most Matched,XRPUSDT,"Neutral 5x
22",3573.48,1.78,4d 8h 21m,4.33,1555.29,469,8493,0.17,0.4111,10.4706,10.4706,Emerging,Candidate
2026-10-04T12:36:50.332202+00:00,Futures Grid,Most Matched,SPCXUSDT,"Long 5x
6",2920.78,9.73,3d 7h 14m,3.29,272.37,4,411,7.45,2.9574,1.306,1.306,Emerging,Candidate
2026-10-04T12:36:50.332204+00:00,Futures Grid,Most Matched,BTCUSDC,"Neutral 10x
0",2734.72,0.54,3d 19h 34m,3.79,10322.9,103,2310,0.94,0.1425,0.5745,0.5745,Emerging,Candidate
2026-10-04T12:36:50.332206+00:00,Futures Grid,Most Matched,SOLUSDT,"Neutral 5x
12",2475.7,1.23,6d 3h 52m,6.12,1805.18,187,5074,0.29,0.201,4.2414,4.2414,Emerging,Candidate
2026-10-04T12:36:50.332207+00:00,Futures Grid,Most Matched,MONUSDT,"Long 10x
4",1891.89,18.91,6d 2h 43m,6.08,660.81,32,355,12.54,3.1102,1.508,1.508,Emerging,Candidate
2026-10-04T12:36:50.332209+00:00,Futures Grid,Most Matched,QNTUSDT,"Short 10x
1",1573.58,12.58,5d 18h 12m,5.75,6739.85,1304,27826,19.03,2.1878,0.6611,0.6611,Emerging,Candidate
2026-10-04T12:51:42.784222+00:00,Spot Grid,Top PNL,ZECUSDT,"Short 10x
421",48708.14,28.88,6d 2h 20m,6.08,127.28,12,159,10.89,4.75,2.652,2.652,Emerging,Candidate
2026-10-04T12:51:42.784245+00:00,Spot Grid,Top PNL,BTCUSDC,"Neutral 10x
3",5508.52,0.55,4d 10h 53m,4.42,10010.0,79,2389,1.07,0.1244,0.514,0.5257,Emerging,Candidate
2026-10-04T12:51:42.784250+00:00,Spot Grid,Top PNL,QNTUSDT,"Long 5x
Trailing Up
134",4974.92,60.66,6d 12h 2m,6.5,536.75,16,627,50.7,9.3323,1.1964,1.1964,Emerging,Reject
2026-10-04T12:51:42.784256+00:00,Spot Grid,Top PNL,XRPUSDT,"Neutral 5x
22",3578.56,1.78,4d 9h 21m,4.38,1555.29,455,8503,0.17,0.4064,10.4706,10.4706,Emerging,Candidate
2026-10-04T12:51:42.784259+00:00,Spot Grid,Top PNL,SPCXUSDT,"Long 5x
7",2948.43,9.82,3d 8h 14m,3.33,272.37,4,411,7.45,2.9489,1.3181,1.3181,Emerging,Candidate
2026-10-04T12:51:42.784263+00:00,Spot Grid,Top PNL,BTCUSDC,"Neutral 10x
0",2494.78,0.49,3d 20h 34m,3.83,10322.9,104,2311,0.94,0.1279,0.5213,0.5346,Emerging,Candidate
2026-10-04T12:51:42.784268+00:00,Spot Grid,Top PNL,SOLUSDT,"Neutral 5x
12",2452.77,1.22,6d 4h 52m,6.17,1805.18,186,5078,0.29,0.1977,4.2069,4.2155,Emerging,Candidate
2026-10-04T12:51:42.784272+00:00,Spot Grid,Top PNL,MONUSDT,"Long 10x
4",1860.93,18.6,6d 3h 43m,6.12,656.95,32,355,12.54,3.0392,1.4833,1.4895,Emerging,Candidate
2026-10-04T12:51:42.784276+00:00,Spot Grid,Top PNL,QNTUSDT,"Short 10x
1",1602.05,12.81,5d 19h 12m,5.79,6804.36,1265,27857,19.03,2.2124,0.6731,0.6701,Emerging,Candidate
2026-10-04T12:51:42.784279+00:00,Spot Grid,Top ROI,ZECUSDT,"Short 10x
421",48708.14,28.88,6d 2h 20m,6.08,127.26,12,159,10.89,4.75,2.652,2.652,Emerging,Candidate
2026-10-04T12:51:42.784282+00:00,Spot Grid,Top ROI,BTCUSDC,"Neutral 10x
3",5508.52,0.55,4d 10h 53m,4.42,10010.0,79,2389,1.07,0.1244,0.514,0.5257,Emerging,Candidate
2026-10-04T12:51:42.784285+00:00,Spot Grid,Top ROI,QNTUSDT,"Long 5x
Trailing Up
134",4974.92,60.66,6d 12h 2m,6.5,536.75,16,627,50.7,9.3323,1.1964,1.1964,Emerging,Reject
2026-10-04T12:51:42.784289+00:00,Spot Grid,Top ROI,XRPUSDT,"Neutral 5x
22",3578.56,1.78,4d 9h 21m,4.38,1555.29,455,8503,0.17,0.4064,10.4706,10.4706,Emerging,Candidate
2026-10-04T12:51:42.784291+00:00,Spot Grid,Top ROI,SPCXUSDT,"Long 5x
7",2948.43,9.82,3d 8h 14m,3.33,272.37,4,411,7.45,2.9489,1.3181,1.3181,Emerging,Candidate
2026-10-04T12:51:42.784295+00:00,Spot Grid,Top ROI,BTCUSDC,"Neutral 10x
0",2494.78,0.49,3d 20h 34m,3.83,10322.9,104,2311,0.94,0.1279,0.5213,0.5346,Emerging,Candidate
2026-10-04T12:51:42.784299+00:00,Spot Grid,Top ROI,SOLUSDT,"Neutral 5x
12",2452.77,1.22,6d 4h 52m,6.17,1805.18,186,5078,0.29,0.1977,4.2069,4.2155,Emerging,Candidate
2026-10-04T12:51:42.784304+00:00,Spot Grid,Top ROI,MONUSDT,"Long 10x
4",1860.93,18.6,6d 3h 43m,6.12,656.6,32,355,12.54,3.0392,1.4833,1.4895,Emerging,Candidate
2026-10-04T12:51:42.784308+00:00,Spot Grid,Top ROI,QNTUSDT,"Short 10x
1",1602.05,12.81,5d 19h 12m,5.79,6804.36,1265,27857,19.03,2.2124,0.6731,0.6701,Emerging,Candidate
2026-10-04T12:51:42.784310+00:00,Spot Grid,Most Copied,ZECUSDT,"Short 10x
421",48708.14,28.88,6d 2h 20m,6.08,127.26,12,159,10.89,4.75,2.652,2.652,Emerging,Candidate
2026-10-04T12:51:42.784314+00:00,Spot Grid,Most Copied,BTCUSDC,"Neutral 10x
3",5508.52,0.55,4d 10h 53m,4.42,10010.0,79,2389,1.07,0.1244,0.514,0.5257,Emerging,Candidate
2026-10-04T12:51:42.784317+00:00,Spot Grid,Most Copied,QNTUSDT,"Long 5x
Trailing Up
134",4974.92,60.66,6d 12h 2m,6.5,536.75,16,627,50.7,9.3323,1.1964,1.1964,Emerging,Reject
2026-10-04T12:51:42.784320+00:00,Spot Grid,Most Copied,XRPUSDT,"Neutral 5x
22",3578.56,1.78,4d 9h 21m,4.38,1555.29,455,8503,0.17,0.4064,10.4706,10.4706,Emerging,Candidate
2026-10-04T12:51:42.784323+00:00,Spot Grid,Most Copied,SPCXUSDT,"Long 5x
7",2948.43,9.82,3d 8h 14m,3.33,272.37,4,411,7.45,2.9489,1.3181,1.3181,Emerging,Candidate
2026-10-04T12:51:42.784326+00:00,Spot Grid,Most Copied,BTCUSDC,"Neutral 10x
0",2494.78,0.49,3d 20h 34m,3.83,10322.9,104,2311,0.94,0.1279,0.5213,0.5346,Emerging,Candidate
2026-10-04T12:51:42.784330+00:00,Spot Grid,Most Copied,SOLUSDT,"Neutral 5x
12",2452.77,1.22,6d 4h 52m,6.17,1805.18,186,5078,0.29,0.1977,4.2069,4.2155,Emerging,Candidate
2026-10-04T12:51:42.784334+00:00,Spot Grid,Most Copied,MONUSDT,"Long 10x
4",1860.93,18.6,6d 3h 43m,6.12,656.6,32,355,12.54,3.0392,1.4833,1.4895,Emerging,Candidate
2026-10-04T12:51:42.784337+00:00,Spot Grid,Most Copied,QNTUSDT,"Short 10x
1",1602.05,12.81,5d 19h 12m,5.79,6804.36,1265,27857,19.03,2.2124,0.6731,0.6701,Emerging,Candidate
2026-10-04T12:51:42.784340+00:00,Spot Grid,Most Matched,ZECUSDT,"Short 10x
421",48708.14,28.88,6d 2h 20m,6.08,127.23,12,159,10.89,4.75,2.652,2.652,Emerging,Candidate
2026-10-04T12:51:42.784343+00:00,Spot Grid,Most Matched,BTCUSDC,"Neutral 10x
3",5508.52,0.55,4d 10h 53m,4.42,10010.0,79,2389,1.07,0.1244,0.514,0.5257,Emerging,Candidate
2026-10-04T12:51:42.784346+00:00,Spot Grid,Most Matched,QNTUSDT,"Long 5x
Trailing Up
134",4974.92,60.66,6d 12h 2m,6.5,536.75,16,627,50.7,9.3323,1.1964,1.1964,Emerging,Reject
2026-10-04T12:51:42.784350+00:00,Spot Grid,Most Matched,XRPUSDT,"Neutral 5x
22",3578.56,1.78,4d 9h 21m,4.38,1555.29,455,8503,0.17,0.4064,10.4706,10.4706,Emerging,Candidate
2026-10-04T12:51:42.784352+00:00,Spot Grid,Most Matched,SPCXUSDT,"Long 5x
7",2948.43,9.82,3d 8h 14m,3.33,272.35,4,411,7.45,2.9489,1.3181,1.3181,Emerging,Candidate
2026-10-04T12:51:42.784356+00:00,Spot Grid,Most Matched,BTCUSDC,"Neutral 10x
0",2494.78,0.49,3d 20h 34m,3.83,10322.9,104,2311,0.94,0.1279,0.5213,0.5346,Emerging,Candidate
2026-10-04T12:51:42.784360+00:00,Spot Grid,Most Matched,SOLUSDT,"Neutral 5x
12",2452.77,1.22,6d 4h 52m,6.17,1805.18,186,5078,0.29,0.1977,4.2069,4.2155,Emerging,Candidate
2026-10-04T12:51:42.784363+00:00,Spot Grid,Most Matched,MONUSDT,"Long 10x
4",1860.93,18.6,6d 3h 43m,6.12,656.67,32,355,12.54,3.0392,1.4833,1.4895,Emerging,Candidate
2026-10-04T12:51:42.784367+00:00,Spot Grid,Most Matched,QNTUSDT,"Short 10x
1",1602.05,12.81,5d 19h 12m,5.79,6804.36,1265,27857,19.03,2.2124,0.6731,0.6701,Emerging,Candidate
2026-10-04T12:51:42.784369+00:00,Futures Grid,Top PNL,ZECUSDT,"Short 10x
421",48708.14,28.88,6d 2h 20m,6.08,127.21,12,159,10.89,4.75,2.652,2.652,Emerging,Candidate
2026-10-04T12:51:42.784373+00:00,Futures Grid,Top PNL,BTCUSDC,"Neutral 10x
3",5508.52,0.55,4d 10h 53m,4.42,10010.0,79,2389,1.07,0.1244,0.514,0.5257,Emerging,Candidate
2026-10-04T12:51:42.784375+00:00,Futures Grid,Top PNL,QNTUSDT,"Long 5x
Trailing Up
134",4974.92,60.66,6d 12h 2m,6.5,536.75,16,627,50.7,9.3323,1.1964,1.1964,Emerging,Reject
2026-10-04T12:51:42.784379+00:00,Futures Grid,Top PNL,XRPUSDT,"Neutral 5x
22",3578.56,1.78,4d 9h 21m,4.38,1555.29,455,8503,0.17,0.4064,10.4706,10.4706,Emerging,Candidate
2026-10-04T12:51:42.784381+00:00,Futures Grid,Top PNL,SPCXUSDT,"Long 5x
7",2948.43,9.82,3d 8h 14m,3.33,272.37,4,411,7.45,2.9489,1.3181,1.3181,Emerging,Candidate
2026-10-04T12:51:42.784385+00:00,Futures Grid,Top PNL,BTCUSDC,"Neutral 10x
0",2494.78,0.49,3d 20h 34m,3.83,10322.9,104,2311,0.94,0.1279,0.5213,0.5346,Emerging,Candidate
2026-10-04T12:51:42.784388+00:00,Futures Grid,Top PNL,SOLUSDT,"Neutral 5x
12",2452.77,1.22,6d 4h 52m,6.17,1805.18,186,5078,0.29,0.1977,4.2069,4.2155,Emerging,Candidate
2026-10-04T12:51:42.784392+00:00,Futures Grid,Top PNL,MONUSDT,"Long 10x
4",1860.93,18.6,6d 3h 43m,6.12,656.95,32,355,12.54,3.0392,1.4833,1.4895,Emerging,Candidate
2026-10-04T12:51:42.784395+00:00,Futures Grid,Top PNL,QNTUSDT,"Short 10x
1",1602.05,12.81,5d 19h 12m,5.79,6801.8,1265,27857,19.03,2.2124,0.6731,0.6701,Emerging,Candidate
2026-10-04T12:51:42.784401+00:00,Futures Grid,Top ROI,ZECUSDT,"Short 10x
421",48708.14,28.88,6d 2h 20m,6.08,127.21,12,159,10.89,4.75,2.652,2.652,Emerging,Candidate
2026-10-04T12:51:42.784405+00:00,Futures Grid,Top ROI,BTCUSDC,"Neutral 10x
3",5508.52,0.55,4d 10h 53m,4.42,10010.0,79,2389,1.07,0.1244,0.514,0.5257,Emerging,Candidate
2026-10-04T12:51:42.784407+00:00,Futures Grid,Top ROI,QNTUSDT,"Long 5x
Trailing Up
134",4974.92,60.66,6d 12h 2m,6.5,536.75,16,627,50.7,9.3323,1.1964,1.1964,Emerging,Reject
2026-10-04T12:51:42.784411+00:00,Futures Grid,Top ROI,XRPUSDT,"Neutral 5x
22",3578.56,1.78,4d 9h 21m,4.38,1555.29,455,8503,0.17,0.4064,10.4706,10.4706,Emerging,Candidate
2026-10-04T12:51:42.784413+00:00,Futures Grid,Top ROI,SPCXUSDT,"Long 5x
7",2948.43,9.82,3d 8h 14m,3.33,272.35,4,411,7.45,2.9489,1.3181,1.3181,Emerging,Candidate
2026-10-04T12:51:42.784417+00:00,Futures Grid,Top ROI,BTCUSDC,"Neutral 10x
0",2494.78,0.49,3d 20h 34m,3.83,10322.9,104,2311,0.94,0.1279,0.5213,0.5346,Emerging,Candidate
2026-10-04T12:51:42.784446+00:00,Futures Grid,Top ROI,SOLUSDT,"Neutral 5x
12",2452.77,1.22,6d 4h 52m,6.17,1805.18,186,5078,0.29,0.1977,4.2069,4.2155,Emerging,Candidate
2026-10-04T12:51:42.784452+00:00,Futures Grid,Top ROI,MONUSDT,"Long 10x
4",1860.93,18.6,6d 3h 43m,6.12,656.95,32,355,12.54,3.0392,1.4833,1.4895,Emerging,Candidate
2026-10-04T12:51:42.784456+00:00,Futures Grid,Top ROI,QNTUSDT,"Short 10x
1",1602.05,12.81,5d 19h 12m,5.79,6801.8,1265,27857,19.03,2.2124,0.6731,0.6701,Emerging,Candidate
2026-10-04T12:51:42.784458+00:00,Futures Grid,Most Copied,ZECUSDT,"Short 10x
421",48708.14,28.88,6d 2h 20m,6.08,127.21,12,159,10.89,4.75,2.652,2.652,Emerging,Candidate
2026-10-04T12:51:42.784462+00:00,Futures Grid,Most Copied,BTCUSDC,"Neutral 10x
3",5508.52,0.55,4d 10h 53m,4.42,10010.0,79,2389,1.07,0.1244,0.514,0.5257,Emerging,Candidate
2026-10-04T12:51:42.784465+00:00,Futures Grid,Most Copied,QNTUSDT,"Long 5x
Trailing Up
134",4974.92,60.66,6d 12h 2m,6.5,536.75,16,627,50.7,9.3323,1.1964,1.1964,Emerging,Reject
2026-10-04T12:51:42.784469+00:00,Futures Grid,Most Copied,XRPUSDT,"Neutral 5x
22",3578.56,1.78,4d 9h 21m,4.38,1555.29,455,8503,0.17,0.4064,10.4706,10.4706,Emerging,Candidate
2026-10-04T12:51:42.784471+00:00,Futures Grid,Most Copied,SPCXUSDT,"Long 5x
7",2948.43,9.82,3d 8h 14m,3.33,272.35,4,411,7.45,2.9489,1.3181,1.3181,Emerging,Candidate
2026-10-04T12:51:42.784475+00:00,Futures Grid,Most Copied,BTCUSDC,"Neutral 10x
0",2494.78,0.49,3d 20h 34m,3.83,10322.9,104,2311,0.94,0.1279,0.5213,0.5346,Emerging,Candidate
2026-10-04T12:51:42.784479+00:00,Futures Grid,Most Copied,SOLUSDT,"Neutral 5x
12",2452.77,1.22,6d 4h 52m,6.17,1805.18,186,5078,0.29,0.1977,4.2069,4.2155,Emerging,Candidate
2026-10-04T12:51:42.784483+00:00,Futures Grid,Most Copied,MONUSDT,"Long 10x
4",1860.93,18.6,6d 3h 43m,6.12,656.95,32,355,12.54,3.0392,1.4833,1.4895,Emerging,Candidate
2026-10-04T12:51:42.784486+00:00,Futures Grid,Most Copied,QNTUSDT,"Short 10x
1",1602.05,12.81,5d 19h 12m,5.79,6801.8,1265,27857,19.03,2.2124,0.6731,0.6701,Emerging,Candidate
2026-10-04T12:51:42.784489+00:00,Futures Grid,Most Matched,ZECUSDT,"Short 10x
421",48708.14,28.88,6d 2h 20m,6.08,127.18,12,159,10.89,4.75,2.652,2.652,Emerging,Candidate
2026-10-04T12:51:42.784492+00:00,Futures Grid,Most Matched,BTCUSDC,"Neutral 10x
3",5508.52,0.55,4d 10h 53m,4.42,10010.0,79,2389,1.07,0.1244,0.514,0.5257,Emerging,Candidate
2026-10-04T12:51:42.784495+00:00,Futures Grid,Most Matched,QNTUSDT,"Long 5x
Trailing Up
134",4974.92,60.66,6d 12h 2m,6.5,536.75,16,627,50.7,9.3323,1.1964,1.1964,Emerging,Reject
2026-10-04T12:51:42.784498+00:00,Futures Grid,Most Matched,XRPUSDT,"Neutral 5x
22",3578.56,1.78,4d 9h 21m,4.38,1555.29,455,8503,0.17,0.4064,10.4706,10.4706,Emerging,Candidate
2026-10-04T12:51:42.784501+00:00,Futures Grid,Most Matched,SPCXUSDT,"Long 5x
7",2948.43,9.82,3d 8h 14m,3.33,272.37,4,411,7.45,2.9489,1.3181,1.3181,Emerging,Candidate
2026-10-04T12:51:42.784506+00:00,Futures Grid,Most Matched,BTCUSDC,"Neutral 10x
0",2494.78,0.49,3d 20h 34m,3.83,10322.9,104,2311,0.94,0.1279,0.5213,0.5346,Emerging,Candidate
2026-10-04T12:51:42.784509+00:00,Futures Grid,Most Matched,SOLUSDT,"Neutral 5x
12",2452.77,1.22,6d 4h 52m,6.17,1805.18,186,5078,0.29,0.1977,4.2069,4.2155,Emerging,Candidate
2026-10-04T12:51:42.784513+00:00,Futures Grid,Most Matched,MONUSDT,"Long 10x
4",1860.93,18.6,6d 3h 43m,6.12,656.95,32,355,12.54,3.0392,1.4833,1.4895,Emerging,Candidate
2026-10-04T12:51:42.784516+00:00,Futures Grid,Most Matched,QNTUSDT,"Short 10x
1",1602.05,12.81,5d 19h 12m,5.79,6798.46,1265,27857,19.03,2.2124,0.6731,0.6701,Emerging,Candidate
