range,grids,lower,upper,train_roi,train_mdd,train_trades,train_matched,validation_roi,validation_mdd,validation_trades,validation_matched,holdout_roi,holdout_mdd,holdout_trades,holdout_matched,validation_score,safe5
medium,8,0.0145,0.0185,16.04111827036408,-37.55885246436274,378,187,32.38172606963704,-15.138339920948617,104,56,15.30742387236154,-23.33037245361359,338,169,2.1390539675243265,False
wide,8,0.014,0.019,18.264979893483314,-33.15582915610714,303,150,31.659219646716082,-15.138339920948617,78,43,12.827603719397985,-23.71916924922316,236,118,2.0913270419371197,False
wide,12,0.014,0.019,13.39720007069188,-36.76898390137695,628,311,31.166912588059038,-15.138339920948617,174,93,12.788809118290573,-23.720842563521614,548,274,2.058806497331315,False
narrow,8,0.01525,0.01775,10.835478541596757,-34.174740992233424,513,255,30.97209904669128,-15.138339920948617,154,81,16.48338889423539,-22.603463906884393,596,298,2.045937613267074,False
baseline,8,0.015,0.018,15.765439552688335,-30.28990831656787,470,234,30.717508292042968,-15.138339920948617,124,66,18.71520765678946,-22.77117775096591,536,268,2.029119999448269,False
medium,12,0.0145,0.0185,13.137891915121259,-32.586163803775705,750,373,30.139963872219823,-15.138339920948617,200,106,14.158215004784921,-23.795855534473997,750,375,1.9909688928646514,False
wide,16,0.014,0.019,10.489335980451528,-36.86343662775439,1040,516,29.719872284951037,-15.138339920948617,251,133,12.234106872282325,-24.028081259357247,972,486,1.9632187175176534,False
baseline,12,0.015,0.018,9.685036989429989,-32.85749579998934,924,460,29.108206087870514,-15.138339920948617,250,131,14.609342323419384,-23.423364769639953,1058,529,1.9228136136373994,False
medium,16,0.0145,0.0185,9.097264674000115,-35.589493539206586,1249,621,28.942083409767978,-15.138339920948617,287,151,13.28241221001889,-23.981280342256607,1324,662,1.9118399745878063,False
wide,20,0.014,0.019,7.942761523804165,-35.65699406555961,1479,735,28.540984370708518,-15.138339920948617,363,191,11.6893533559888,-23.999656819069337,1518,759,1.8853443983783955,False
narrow,12,0.01525,0.01775,7.100530050299966,-33.10634138499776,1034,515,28.05439597732413,-15.138339920948617,274,143,13.664088493106705,-23.602353884448224,1252,626,1.8532016141678864,False
baseline,16,0.015,0.018,5.716164156773829,-34.1319784690485,1498,746,27.849154653834816,-15.138339920948617,339,177,12.563470496541553,-24.07505081810414,1792,896,1.8396438974987488,False
medium,20,0.0145,0.0185,5.375448846997614,-36.15055370752193,1749,870,27.67949356104056,-15.138339920948617,409,214,10.877367973109813,-24.18867448202705,1888,944,1.8284365198285277,False
narrow,16,0.01525,0.01775,2.7366813095322016,-34.49739660394702,1638,816,27.59101014935797,-15.138339920948617,401,208,10.738922437910588,-24.387322369587483,2032,1016,1.8225915320594168,False
wide,24,0.014,0.019,5.534672084947658,-36.145586089055904,1989,989,27.55495684597659,-15.138339920948617,485,254,10.482568903773497,-24.059472655159563,2106,1053,1.8202099430893153,False
baseline,20,0.015,0.018,3.1436419189949447,-33.72105906620823,2147,1070,26.711631718883066,-15.138339920948617,489,254,10.124373531770829,-24.678576626966432,2580,1290,1.7645020430489335,False
medium,24,0.0145,0.0185,3.7679059993574247,-35.4543082272359,2378,1184,26.295369710378154,-15.138339920948617,509,266,9.807328968382649,-24.57797610922747,2658,1329,1.7370048398761548,False
wide,30,0.014,0.019,2.4976546370835706,-36.68157909207537,2828,1407,26.164561583450492,-15.138339920948617,663,346,9.066395991063757,-24.33267460448866,3158,1579,1.7283639897161813,False
narrow,20,0.01525,0.01775,0.7279832677273816,-32.680835788485055,2326,1160,25.92403418180338,-15.138339920948617,529,274,8.554385952734322,-25.048093967361183,2972,1486,1.712475365012077,False
baseline,24,0.015,0.018,1.4818295560761214,-33.53402078187023,2861,1427,25.455336571930204,-15.138339920948617,613,318,8.325677661155495,-25.124663462267115,3512,1756,1.6815144001823346,False
medium,30,0.0145,0.0185,1.260341596004082,-35.16397534742908,3432,1710,25.115838054354157,-15.138339920948617,705,367,7.453574525644399,-25.046662486205328,3786,1893,1.6590879968019847,False
narrow,24,0.01525,0.01775,-0.8034990008580963,-32.62672558223916,3120,1557,24.776074373752024,-15.138339920948617,667,345,6.305535668369728,-25.48255181118757,3922,1961,1.6366440774306168,False
baseline,30,0.015,0.018,-2.130082851052805,-33.7226794075301,4034,2012,24.138277225927936,-15.138339920948617,809,419,5.781098771240238,-25.701057348697674,4996,2498,1.594512829806728,False
narrow,30,0.01525,0.01775,-4.420096295344564,-31.516482776290268,4395,2193,23.528897844872418,-15.138339920948617,879,454,3.7853766162060083,-26.022850455961432,5574,2787,1.5542587871417028,False
